FID,file_name,impd_code,site_name,site_code,Contributo,Longitude,Latitude,Reference
89, , ,Mt. Irish, MTI, Biondi_F,-115.401111,37.644722, Biondi et al. 2011
474, , ,Quebec,1,Arseneault,-77.74104184,53.70192062,"H??on, Jessie, Dominique Arseneault, and Marc-Andr?? Parisien. ""Resistance of the boreal forest to high burn rates.""?ßProceedings of the National Academy of Sciences?ß111, no. 38 (2014): 13888-13893."
475, , ,Quebec,2,Arseneault,-77.73566804,53.68480633,"H??on, Jessie, Dominique Arseneault, and Marc-Andr?? Parisien. ""Resistance of the boreal forest to high burn rates.""?ßProceedings of the National Academy of Sciences?ß111, no. 38 (2014): 13888-13893."
476, , ,Quebec,3,Arseneault,-77.73195565,53.67028526,"H??on, Jessie, Dominique Arseneault, and Marc-Andr?? Parisien. ""Resistance of the boreal forest to high burn rates.""?ßProceedings of the National Academy of Sciences?ß111, no. 38 (2014): 13888-13893."
477, , ,Quebec,4,Arseneault,-77.71467313,53.65108838,"H??on, Jessie, Dominique Arseneault, and Marc-Andr?? Parisien. ""Resistance of the boreal forest to high burn rates.""?ßProceedings of the National Academy of Sciences?ß111, no. 38 (2014): 13888-13893."
478, , ,Quebec,5,Arseneault,-77.70983259,53.63196734,"H??on, Jessie, Dominique Arseneault, and Marc-Andr?? Parisien. ""Resistance of the boreal forest to high burn rates.""?ßProceedings of the National Academy of Sciences?ß111, no. 38 (2014): 13888-13893."
479, , ,Quebec,6,Arseneault,-77.69944271,53.617147,"H??on, Jessie, Dominique Arseneault, and Marc-Andr?? Parisien. ""Resistance of the boreal forest to high burn rates.""?ßProceedings of the National Academy of Sciences?ß111, no. 38 (2014): 13888-13893."
480, , ,Quebec,7,Arseneault,-77.68606878,53.595722,"H??on, Jessie, Dominique Arseneault, and Marc-Andr?? Parisien. ""Resistance of the boreal forest to high burn rates.""?ßProceedings of the National Academy of Sciences?ß111, no. 38 (2014): 13888-13893."
481, , ,Quebec,8,Arseneault,-77.68575337,53.586217,"H??on, Jessie, Dominique Arseneault, and Marc-Andr?? Parisien. ""Resistance of the boreal forest to high burn rates.""?ßProceedings of the National Academy of Sciences?ß111, no. 38 (2014): 13888-13893."
482, , ,Quebec,9,Arseneault,-77.67120069,53.56275938,"H??on, Jessie, Dominique Arseneault, and Marc-Andr?? Parisien. ""Resistance of the boreal forest to high burn rates.""?ßProceedings of the National Academy of Sciences?ß111, no. 38 (2014): 13888-13893."
483, , ,Quebec,10,Arseneault,-77.6664709,53.5424306,"H??on, Jessie, Dominique Arseneault, and Marc-Andr?? Parisien. ""Resistance of the boreal forest to high burn rates.""?ßProceedings of the National Academy of Sciences?ß111, no. 38 (2014): 13888-13893."
484, , ,Quebec,11,Arseneault,-77.65609307,53.53505567,"H??on, Jessie, Dominique Arseneault, and Marc-Andr?? Parisien. ""Resistance of the boreal forest to high burn rates.""?ßProceedings of the National Academy of Sciences?ß111, no. 38 (2014): 13888-13893."
485, , ,Quebec,12,Arseneault,-77.64108411,53.52009211,"H??on, Jessie, Dominique Arseneault, and Marc-Andr?? Parisien. ""Resistance of the boreal forest to high burn rates.""?ßProceedings of the National Academy of Sciences?ß111, no. 38 (2014): 13888-13893."
486, , ,Quebec,13,Arseneault,-77.62097356,53.49530667,"H??on, Jessie, Dominique Arseneault, and Marc-Andr?? Parisien. ""Resistance of the boreal forest to high burn rates.""?ßProceedings of the National Academy of Sciences?ß111, no. 38 (2014): 13888-13893."
487, , ,Quebec,14,Arseneault,-77.617512,53.490475,"H??on, Jessie, Dominique Arseneault, and Marc-Andr?? Parisien. ""Resistance of the boreal forest to high burn rates.""?ßProceedings of the National Academy of Sciences?ß111, no. 38 (2014): 13888-13893."
488, , ,Quebec,15,Arseneault,-77.5874107,53.4667522,"H??on, Jessie, Dominique Arseneault, and Marc-Andr?? Parisien. ""Resistance of the boreal forest to high burn rates.""?ßProceedings of the National Academy of Sciences?ß111, no. 38 (2014): 13888-13893."
489, , ,Quebec,16,Arseneault,-77.58759678,53.4501975,"H??on, Jessie, Dominique Arseneault, and Marc-Andr?? Parisien. ""Resistance of the boreal forest to high burn rates.""?ßProceedings of the National Academy of Sciences?ß111, no. 38 (2014): 13888-13893."
490, , ,Quebec,17,Arseneault,-77.59313033,53.43301592,"H??on, Jessie, Dominique Arseneault, and Marc-Andr?? Parisien. ""Resistance of the boreal forest to high burn rates.""?ßProceedings of the National Academy of Sciences?ß111, no. 38 (2014): 13888-13893."
491, , ,Quebec,18,Arseneault,-77.588109,53.41810614,"H??on, Jessie, Dominique Arseneault, and Marc-Andr?? Parisien. ""Resistance of the boreal forest to high burn rates.""?ßProceedings of the National Academy of Sciences?ß111, no. 38 (2014): 13888-13893."
492, , ,Quebec,19,Arseneault,-77.560806,53.39757325,"H??on, Jessie, Dominique Arseneault, and Marc-Andr?? Parisien. ""Resistance of the boreal forest to high burn rates.""?ßProceedings of the National Academy of Sciences?ß111, no. 38 (2014): 13888-13893."
493, , ,Quebec,20,Arseneault,-77.539845,53.3902925,"H??on, Jessie, Dominique Arseneault, and Marc-Andr?? Parisien. ""Resistance of the boreal forest to high burn rates.""?ßProceedings of the National Academy of Sciences?ß111, no. 38 (2014): 13888-13893."
494, , ,Quebec,21,Arseneault,-77.5241493,53.3719755,"H??on, Jessie, Dominique Arseneault, and Marc-Andr?? Parisien. ""Resistance of the boreal forest to high burn rates.""?ßProceedings of the National Academy of Sciences?ß111, no. 38 (2014): 13888-13893."
495, , ,Quebec,22,Arseneault,-77.50409571,53.36085043,"H??on, Jessie, Dominique Arseneault, and Marc-Andr?? Parisien. ""Resistance of the boreal forest to high burn rates.""?ßProceedings of the National Academy of Sciences?ß111, no. 38 (2014): 13888-13893."
496, , ,Quebec,23,Arseneault,-77.48142352,53.34693995,"H??on, Jessie, Dominique Arseneault, and Marc-Andr?? Parisien. ""Resistance of the boreal forest to high burn rates.""?ßProceedings of the National Academy of Sciences?ß111, no. 38 (2014): 13888-13893."
497, , ,Quebec,24,Arseneault,-77.46254775,53.33829825,"H??on, Jessie, Dominique Arseneault, and Marc-Andr?? Parisien. ""Resistance of the boreal forest to high burn rates.""?ßProceedings of the National Academy of Sciences?ß111, no. 38 (2014): 13888-13893."
498, , ,Quebec,25,Arseneault,-77.44906567,53.32669467,"H??on, Jessie, Dominique Arseneault, and Marc-Andr?? Parisien. ""Resistance of the boreal forest to high burn rates.""?ßProceedings of the National Academy of Sciences?ß111, no. 38 (2014): 13888-13893."
499, , ,Quebec,26,Arseneault,-77.44048433,53.31159533,"H??on, Jessie, Dominique Arseneault, and Marc-Andr?? Parisien. ""Resistance of the boreal forest to high burn rates.""?ßProceedings of the National Academy of Sciences?ß111, no. 38 (2014): 13888-13893."
500, , ,Quebec,27,Arseneault,-77.4310397,53.2918395,"H??on, Jessie, Dominique Arseneault, and Marc-Andr?? Parisien. ""Resistance of the boreal forest to high burn rates.""?ßProceedings of the National Academy of Sciences?ß111, no. 38 (2014): 13888-13893."
501, , ,Quebec,28,Arseneault,-77.41851039,53.26756509,"H??on, Jessie, Dominique Arseneault, and Marc-Andr?? Parisien. ""Resistance of the boreal forest to high burn rates.""?ßProceedings of the National Academy of Sciences?ß111, no. 38 (2014): 13888-13893."
502, , ,Quebec,29,Arseneault,-77.41433252,53.25455777,"H??on, Jessie, Dominique Arseneault, and Marc-Andr?? Parisien. ""Resistance of the boreal forest to high burn rates.""?ßProceedings of the National Academy of Sciences?ß111, no. 38 (2014): 13888-13893."
503, , ,Quebec,30,Arseneault,-77.4244058,53.2257835,"H??on, Jessie, Dominique Arseneault, and Marc-Andr?? Parisien. ""Resistance of the boreal forest to high burn rates.""?ßProceedings of the National Academy of Sciences?ß111, no. 38 (2014): 13888-13893."
504, , ,Quebec,31,Arseneault,-77.43486798,53.21106349,"H??on, Jessie, Dominique Arseneault, and Marc-Andr?? Parisien. ""Resistance of the boreal forest to high burn rates.""?ßProceedings of the National Academy of Sciences?ß111, no. 38 (2014): 13888-13893."
505, , ,Quebec,32,Arseneault,-77.45384465,53.19240838,"H??on, Jessie, Dominique Arseneault, and Marc-Andr?? Parisien. ""Resistance of the boreal forest to high burn rates.""?ßProceedings of the National Academy of Sciences?ß111, no. 38 (2014): 13888-13893."
506, , ,Quebec,33,Arseneault,-77.46502071,53.17721751,"H??on, Jessie, Dominique Arseneault, and Marc-Andr?? Parisien. ""Resistance of the boreal forest to high burn rates.""?ßProceedings of the National Academy of Sciences?ß111, no. 38 (2014): 13888-13893."
507, , ,Quebec,34,Arseneault,-77.46513621,53.1631855,"H??on, Jessie, Dominique Arseneault, and Marc-Andr?? Parisien. ""Resistance of the boreal forest to high burn rates.""?ßProceedings of the National Academy of Sciences?ß111, no. 38 (2014): 13888-13893."
508, , ,Quebec,35,Arseneault,-77.47990359,53.14242737,"H??on, Jessie, Dominique Arseneault, and Marc-Andr?? Parisien. ""Resistance of the boreal forest to high burn rates.""?ßProceedings of the National Academy of Sciences?ß111, no. 38 (2014): 13888-13893."
509, , ,Quebec,36,Arseneault,-77.49029291,53.13363408,"H??on, Jessie, Dominique Arseneault, and Marc-Andr?? Parisien. ""Resistance of the boreal forest to high burn rates.""?ßProceedings of the National Academy of Sciences?ß111, no. 38 (2014): 13888-13893."
510, , ,Quebec,37,Arseneault,-77.48780154,53.11598969,"H??on, Jessie, Dominique Arseneault, and Marc-Andr?? Parisien. ""Resistance of the boreal forest to high burn rates.""?ßProceedings of the National Academy of Sciences?ß111, no. 38 (2014): 13888-13893."
511, , ,Quebec,38,Arseneault,-77.465035,53.10557958,"H??on, Jessie, Dominique Arseneault, and Marc-Andr?? Parisien. ""Resistance of the boreal forest to high burn rates.""?ßProceedings of the National Academy of Sciences?ß111, no. 38 (2014): 13888-13893."
512, , ,Quebec,39,Arseneault,-77.43683015,53.09394837,"H??on, Jessie, Dominique Arseneault, and Marc-Andr?? Parisien. ""Resistance of the boreal forest to high burn rates.""?ßProceedings of the National Academy of Sciences?ß111, no. 38 (2014): 13888-13893."
513, , ,Quebec,40,Arseneault,-77.42075322,53.08502219,"H??on, Jessie, Dominique Arseneault, and Marc-Andr?? Parisien. ""Resistance of the boreal forest to high burn rates.""?ßProceedings of the National Academy of Sciences?ß111, no. 38 (2014): 13888-13893."
514, , ,Quebec,41,Arseneault,-77.40544056,53.07238833,"H??on, Jessie, Dominique Arseneault, and Marc-Andr?? Parisien. ""Resistance of the boreal forest to high burn rates.""?ßProceedings of the National Academy of Sciences?ß111, no. 38 (2014): 13888-13893."
515, , ,Quebec,42,Arseneault,-77.39678551,53.05527469,"H??on, Jessie, Dominique Arseneault, and Marc-Andr?? Parisien. ""Resistance of the boreal forest to high burn rates.""?ßProceedings of the National Academy of Sciences?ß111, no. 38 (2014): 13888-13893."
516, , ,Quebec,43,Arseneault,-77.39349417,53.03688642,"H??on, Jessie, Dominique Arseneault, and Marc-Andr?? Parisien. ""Resistance of the boreal forest to high burn rates.""?ßProceedings of the National Academy of Sciences?ß111, no. 38 (2014): 13888-13893."
517, , ,Quebec,44,Arseneault,-77.36775268,53.01971947,"H??on, Jessie, Dominique Arseneault, and Marc-Andr?? Parisien. ""Resistance of the boreal forest to high burn rates.""?ßProceedings of the National Academy of Sciences?ß111, no. 38 (2014): 13888-13893."
518, , ,Quebec,45,Arseneault,-77.35006814,53.00814843,"H??on, Jessie, Dominique Arseneault, and Marc-Andr?? Parisien. ""Resistance of the boreal forest to high burn rates.""?ßProceedings of the National Academy of Sciences?ß111, no. 38 (2014): 13888-13893."
519, , ,Quebec,46,Arseneault,-77.33000493,52.99001407,"H??on, Jessie, Dominique Arseneault, and Marc-Andr?? Parisien. ""Resistance of the boreal forest to high burn rates.""?ßProceedings of the National Academy of Sciences?ß111, no. 38 (2014): 13888-13893."
520, , ,Quebec,47,Arseneault,-77.32071225,52.98406312,"H??on, Jessie, Dominique Arseneault, and Marc-Andr?? Parisien. ""Resistance of the boreal forest to high burn rates.""?ßProceedings of the National Academy of Sciences?ß111, no. 38 (2014): 13888-13893."
521, , ,Quebec,48,Arseneault,-77.30013041,52.9597363,"H??on, Jessie, Dominique Arseneault, and Marc-Andr?? Parisien. ""Resistance of the boreal forest to high burn rates.""?ßProceedings of the National Academy of Sciences?ß111, no. 38 (2014): 13888-13893."
522, , ,Quebec,49,Arseneault,-77.28736479,52.9443295,"H??on, Jessie, Dominique Arseneault, and Marc-Andr?? Parisien. ""Resistance of the boreal forest to high burn rates.""?ßProceedings of the National Academy of Sciences?ß111, no. 38 (2014): 13888-13893."
523, , ,Quebec,50,Arseneault,-77.27311155,52.9240496,"H??on, Jessie, Dominique Arseneault, and Marc-Andr?? Parisien. ""Resistance of the boreal forest to high burn rates.""?ßProceedings of the National Academy of Sciences?ß111, no. 38 (2014): 13888-13893."
524, , ,Quebec,51,Arseneault,-77.26728245,52.90968477,"H??on, Jessie, Dominique Arseneault, and Marc-Andr?? Parisien. ""Resistance of the boreal forest to high burn rates.""?ßProceedings of the National Academy of Sciences?ß111, no. 38 (2014): 13888-13893."
525, , ,Quebec,52,Arseneault,-77.26265175,52.88881981,"H??on, Jessie, Dominique Arseneault, and Marc-Andr?? Parisien. ""Resistance of the boreal forest to high burn rates.""?ßProceedings of the National Academy of Sciences?ß111, no. 38 (2014): 13888-13893."
526, , ,Quebec,53,Arseneault,-77.27642791,52.87313045,"H??on, Jessie, Dominique Arseneault, and Marc-Andr?? Parisien. ""Resistance of the boreal forest to high burn rates.""?ßProceedings of the National Academy of Sciences?ß111, no. 38 (2014): 13888-13893."
527, , ,Quebec,54,Arseneault,-77.28588958,52.84795488,"H??on, Jessie, Dominique Arseneault, and Marc-Andr?? Parisien. ""Resistance of the boreal forest to high burn rates.""?ßProceedings of the National Academy of Sciences?ß111, no. 38 (2014): 13888-13893."
528, , ,Quebec,55,Arseneault,-77.28834148,52.84030433,"H??on, Jessie, Dominique Arseneault, and Marc-Andr?? Parisien. ""Resistance of the boreal forest to high burn rates.""?ßProceedings of the National Academy of Sciences?ß111, no. 38 (2014): 13888-13893."
529, , ,Quebec,56,Arseneault,-77.2969858,52.8178586,"H??on, Jessie, Dominique Arseneault, and Marc-Andr?? Parisien. ""Resistance of the boreal forest to high burn rates.""?ßProceedings of the National Academy of Sciences?ß111, no. 38 (2014): 13888-13893."
530, , ,Quebec,57,Arseneault,-77.306469,52.808374,"H??on, Jessie, Dominique Arseneault, and Marc-Andr?? Parisien. ""Resistance of the boreal forest to high burn rates.""?ßProceedings of the National Academy of Sciences?ß111, no. 38 (2014): 13888-13893."
531, , ,Quebec,58,Arseneault,-77.32903933,52.79520778,"H??on, Jessie, Dominique Arseneault, and Marc-Andr?? Parisien. ""Resistance of the boreal forest to high burn rates.""?ßProceedings of the National Academy of Sciences?ß111, no. 38 (2014): 13888-13893."
532, , ,Quebec,59,Arseneault,-77.3480302,52.789001,"H??on, Jessie, Dominique Arseneault, and Marc-Andr?? Parisien. ""Resistance of the boreal forest to high burn rates.""?ßProceedings of the National Academy of Sciences?ß111, no. 38 (2014): 13888-13893."
533, , ,Quebec,60,Arseneault,-77.35546844,52.77294145,"H??on, Jessie, Dominique Arseneault, and Marc-Andr?? Parisien. ""Resistance of the boreal forest to high burn rates.""?ßProceedings of the National Academy of Sciences?ß111, no. 38 (2014): 13888-13893."
534, , ,Quebec,61,Arseneault,-77.34773275,52.759021,"H??on, Jessie, Dominique Arseneault, and Marc-Andr?? Parisien. ""Resistance of the boreal forest to high burn rates.""?ßProceedings of the National Academy of Sciences?ß111, no. 38 (2014): 13888-13893."
535, , ,Quebec,62,Arseneault,-77.3443963,52.73066084,"H??on, Jessie, Dominique Arseneault, and Marc-Andr?? Parisien. ""Resistance of the boreal forest to high burn rates.""?ßProceedings of the National Academy of Sciences?ß111, no. 38 (2014): 13888-13893."
536, , ,Quebec,63,Arseneault,-77.34531615,52.71667465,"H??on, Jessie, Dominique Arseneault, and Marc-Andr?? Parisien. ""Resistance of the boreal forest to high burn rates.""?ßProceedings of the National Academy of Sciences?ß111, no. 38 (2014): 13888-13893."
537, , ,Quebec,64,Arseneault,-77.36059323,52.69719465,"H??on, Jessie, Dominique Arseneault, and Marc-Andr?? Parisien. ""Resistance of the boreal forest to high burn rates.""?ßProceedings of the National Academy of Sciences?ß111, no. 38 (2014): 13888-13893."
538, , ,Quebec,65,Arseneault,-77.37513557,52.67673524,"H??on, Jessie, Dominique Arseneault, and Marc-Andr?? Parisien. ""Resistance of the boreal forest to high burn rates.""?ßProceedings of the National Academy of Sciences?ß111, no. 38 (2014): 13888-13893."
539, , ,Quebec,66,Arseneault,-77.39042258,52.66371183,"H??on, Jessie, Dominique Arseneault, and Marc-Andr?? Parisien. ""Resistance of the boreal forest to high burn rates.""?ßProceedings of the National Academy of Sciences?ß111, no. 38 (2014): 13888-13893."
540, , ,Quebec,67,Arseneault,-77.40224275,52.64433761,"H??on, Jessie, Dominique Arseneault, and Marc-Andr?? Parisien. ""Resistance of the boreal forest to high burn rates.""?ßProceedings of the National Academy of Sciences?ß111, no. 38 (2014): 13888-13893."
541, , ,Quebec,68,Arseneault,-77.40879333,52.62690198,"H??on, Jessie, Dominique Arseneault, and Marc-Andr?? Parisien. ""Resistance of the boreal forest to high burn rates.""?ßProceedings of the National Academy of Sciences?ß111, no. 38 (2014): 13888-13893."
542, , ,Quebec,69,Arseneault,-77.41146301,52.61392947,"H??on, Jessie, Dominique Arseneault, and Marc-Andr?? Parisien. ""Resistance of the boreal forest to high burn rates.""?ßProceedings of the National Academy of Sciences?ß111, no. 38 (2014): 13888-13893."
543, , ,Quebec,70,Arseneault,-77.38734355,52.59472017,"H??on, Jessie, Dominique Arseneault, and Marc-Andr?? Parisien. ""Resistance of the boreal forest to high burn rates.""?ßProceedings of the National Academy of Sciences?ß111, no. 38 (2014): 13888-13893."
544, , ,Quebec,71,Arseneault,-77.36644677,52.58840993,"H??on, Jessie, Dominique Arseneault, and Marc-Andr?? Parisien. ""Resistance of the boreal forest to high burn rates.""?ßProceedings of the National Academy of Sciences?ß111, no. 38 (2014): 13888-13893."
545, , ,Quebec,72,Arseneault,-77.34567507,52.57463544,"H??on, Jessie, Dominique Arseneault, and Marc-Andr?? Parisien. ""Resistance of the boreal forest to high burn rates.""?ßProceedings of the National Academy of Sciences?ß111, no. 38 (2014): 13888-13893."
546, , ,Quebec,73,Arseneault,-77.3205934,52.560308,"H??on, Jessie, Dominique Arseneault, and Marc-Andr?? Parisien. ""Resistance of the boreal forest to high burn rates.""?ßProceedings of the National Academy of Sciences?ß111, no. 38 (2014): 13888-13893."
547, , ,Quebec,74,Arseneault,-77.30820478,52.54173901,"H??on, Jessie, Dominique Arseneault, and Marc-Andr?? Parisien. ""Resistance of the boreal forest to high burn rates.""?ßProceedings of the National Academy of Sciences?ß111, no. 38 (2014): 13888-13893."
548, , ,Quebec,77,Arseneault,-77.30959192,52.51298717,"H??on, Jessie, Dominique Arseneault, and Marc-Andr?? Parisien. ""Resistance of the boreal forest to high burn rates.""?ßProceedings of the National Academy of Sciences?ß111, no. 38 (2014): 13888-13893."
549, , ,Quebec,78,Arseneault,-77.33331354,52.49874985,"H??on, Jessie, Dominique Arseneault, and Marc-Andr?? Parisien. ""Resistance of the boreal forest to high burn rates.""?ßProceedings of the National Academy of Sciences?ß111, no. 38 (2014): 13888-13893."
550, , ,Quebec,79,Arseneault,-77.35074838,52.48863425,"H??on, Jessie, Dominique Arseneault, and Marc-Andr?? Parisien. ""Resistance of the boreal forest to high burn rates.""?ßProceedings of the National Academy of Sciences?ß111, no. 38 (2014): 13888-13893."
551, , ,Quebec,80,Arseneault,-77.34865812,52.47451824,"H??on, Jessie, Dominique Arseneault, and Marc-Andr?? Parisien. ""Resistance of the boreal forest to high burn rates.""?ßProceedings of the National Academy of Sciences?ß111, no. 38 (2014): 13888-13893."
552, , ,Quebec,81,Arseneault,-77.34476063,52.45919005,"H??on, Jessie, Dominique Arseneault, and Marc-Andr?? Parisien. ""Resistance of the boreal forest to high burn rates.""?ßProceedings of the National Academy of Sciences?ß111, no. 38 (2014): 13888-13893."
553, , ,Quebec,82,Arseneault,-77.33075832,52.4381023,"H??on, Jessie, Dominique Arseneault, and Marc-Andr?? Parisien. ""Resistance of the boreal forest to high burn rates.""?ßProceedings of the National Academy of Sciences?ß111, no. 38 (2014): 13888-13893."
554, , ,Quebec,83,Arseneault,-77.33058632,52.42737804,"H??on, Jessie, Dominique Arseneault, and Marc-Andr?? Parisien. ""Resistance of the boreal forest to high burn rates.""?ßProceedings of the National Academy of Sciences?ß111, no. 38 (2014): 13888-13893."
555, , ,Quebec,84,Arseneault,-77.30575154,52.41178897,"H??on, Jessie, Dominique Arseneault, and Marc-Andr?? Parisien. ""Resistance of the boreal forest to high burn rates.""?ßProceedings of the National Academy of Sciences?ß111, no. 38 (2014): 13888-13893."
556, , ,Quebec,85,Arseneault,-77.27058558,52.40242495,"H??on, Jessie, Dominique Arseneault, and Marc-Andr?? Parisien. ""Resistance of the boreal forest to high burn rates.""?ßProceedings of the National Academy of Sciences?ß111, no. 38 (2014): 13888-13893."
557, , ,Quebec,86,Arseneault,-77.2572576,52.40152889,"H??on, Jessie, Dominique Arseneault, and Marc-Andr?? Parisien. ""Resistance of the boreal forest to high burn rates.""?ßProceedings of the National Academy of Sciences?ß111, no. 38 (2014): 13888-13893."
558, , ,Quebec,87,Arseneault,-77.22113757,52.39849157,"H??on, Jessie, Dominique Arseneault, and Marc-Andr?? Parisien. ""Resistance of the boreal forest to high burn rates.""?ßProceedings of the National Academy of Sciences?ß111, no. 38 (2014): 13888-13893."
559, , ,Quebec,88,Arseneault,-77.1939139,52.3999237,"H??on, Jessie, Dominique Arseneault, and Marc-Andr?? Parisien. ""Resistance of the boreal forest to high burn rates.""?ßProceedings of the National Academy of Sciences?ß111, no. 38 (2014): 13888-13893."
560, , ,Quebec,89,Arseneault,-77.15056955,52.395048,"H??on, Jessie, Dominique Arseneault, and Marc-Andr?? Parisien. ""Resistance of the boreal forest to high burn rates.""?ßProceedings of the National Academy of Sciences?ß111, no. 38 (2014): 13888-13893."
561, , ,Quebec,90,Arseneault,-77.13282792,52.38713092,"H??on, Jessie, Dominique Arseneault, and Marc-Andr?? Parisien. ""Resistance of the boreal forest to high burn rates.""?ßProceedings of the National Academy of Sciences?ß111, no. 38 (2014): 13888-13893."
562, , ,Quebec,91,Arseneault,-77.11474345,52.36750882,"H??on, Jessie, Dominique Arseneault, and Marc-Andr?? Parisien. ""Resistance of the boreal forest to high burn rates.""?ßProceedings of the National Academy of Sciences?ß111, no. 38 (2014): 13888-13893."
563, , ,Quebec,92,Arseneault,-77.10769852,52.35542717,"H??on, Jessie, Dominique Arseneault, and Marc-Andr?? Parisien. ""Resistance of the boreal forest to high burn rates.""?ßProceedings of the National Academy of Sciences?ß111, no. 38 (2014): 13888-13893."
564, , ,Quebec,93,Arseneault,-77.09719886,52.33337929,"H??on, Jessie, Dominique Arseneault, and Marc-Andr?? Parisien. ""Resistance of the boreal forest to high burn rates.""?ßProceedings of the National Academy of Sciences?ß111, no. 38 (2014): 13888-13893."
87, , ,Desert National Wildlife Refuge,DSR,Biondi_F,-115.221634,36.587564, Kilpatrick et al. 2019
88, , ,Clover Mtns.,CLM,Biondi_F,-114.467222,37.459167, Kilpatrick et al. 2013
91, , ,Bathroom Fire,BRF,Brown_PM,-121.5068296,44.51344916,unpublished
102, , ,Prairie Farm Fire,PFF,Brown_PM,-121.5091918,44.54522726,unpublished
565, , ,Mica Mountain,02_02,Farris_CA,-110.5307188,32.23272903,Farris_et_al_2010
566, , ,Mica Mountain,02_03,Farris_CA,-110.557807,32.22358883,Farris_et_al_2010
567, , ,Mica Mountain,02_04,Farris_CA,-110.5399302,32.2245715,Farris_et_al_2010
568, , ,Mica Mountain,02_05,Farris_CA,-110.5283161,32.22322962,Farris_et_al_2010
569, , ,Mica Mountain,02_06,Farris_CA,-110.5670288,32.21699905,Farris_et_al_2010
570, , ,Mica Mountain,02_07,Farris_CA,-110.5499478,32.21700255,Farris_et_al_2010
571, , ,Mica Mountain,02_08,Farris_CA,-110.5308649,32.21669861,Farris_et_al_2010
572, , ,Mica Mountain,02_09,Farris_CA,-110.5765632,32.20907447,Farris_et_al_2010
573, , ,Mica Mountain,02_10,Farris_CA,-110.5580459,32.20929978,Farris_et_al_2010
574, , ,Mica Mountain,02_11,Farris_CA,-110.5393157,32.2075369,Farris_et_al_2010
575, , ,Mica Mountain,02_12,Farris_CA,-110.5247961,32.21034294,Farris_et_al_2010
576, , ,Mica Mountain,02_13,Farris_CA,-110.5648387,32.20002227,Farris_et_al_2010
577, , ,Mica Mountain,02_14,Farris_CA,-110.5495838,32.20170999,Farris_et_al_2010
578, , ,Mica Mountain,02_15,Farris_CA,-110.5303895,32.19976371,Farris_et_al_2010
579, , ,Mica Mountain,02_16,Farris_CA,-110.5581911,32.19243025,Farris_et_al_2010
580, , ,Mica Mountain,02_17,Farris_CA,-110.5400846,32.19389934,Farris_et_al_2010
581, , ,Mica Mountain,02_17A,Farris_CA,-110.5435554,32.19401115,Farris_et_al_2010
582, , ,Mica Mountain,02_18,Farris_CA,-110.5228056,32.19526973,Farris_et_al_2010
583, , ,Mica Mountain,02_19,Farris_CA,-110.5485017,32.18449327,Farris_et_al_2010
584, , ,Mica Mountain,02_20,Farris_CA,-110.5312211,32.18655945,Farris_et_al_2010
585, , ,Mica Mountain,02_21,Farris_CA,-110.5388931,32.17771057,Farris_et_al_2010
586, , ,Mica Mountain,02_22,Farris_CA,-110.5227776,32.17827328,Farris_et_al_2010
587, , ,Mica Mountain,02_23,Farris_CA,-110.5323422,32.17684753,Farris_et_al_2010
588, , ,Mica Mountain,02_26,Farris_CA,-110.5821331,32.20464544,Farris_et_al_2010
589, , ,Mica Mountain,02_28,Farris_CA,-110.5315595,32.2074633,Farris_et_al_2010
590, , ,Mica Mountain,02_29,Farris_CA,-110.5518598,32.22440687,Farris_et_al_2010
591, , ,Mica Mountain,02_30,Farris_CA,-110.5600848,32.21777798,Farris_et_al_2010
592, , ,Mica Mountain,02_31,Farris_CA,-110.5520535,32.2260314,Farris_et_al_2010
593, , ,Mica Mountain,02_HD5,Farris_CA,-110.5646311,32.21531284,Farris_et_al_2010
594, , ,Mica Mountain,03_01,Farris_CA,-110.5433379,32.22861641,Farris_et_al_2010
595, , ,Mica Mountain,03_01B,Farris_CA,-110.5477153,32.22766686,Farris_et_al_2010
596, , ,Mica Mountain,03_04B,Farris_CA,-110.5356688,32.22777655,Farris_et_al_2010
597, , ,Mica Mountain,03_04C,Farris_CA,-110.5392883,32.22139364,Farris_et_al_2010
598, , ,Mica Mountain,03_05B,Farris_CA,-110.5265696,32.22645274,Farris_et_al_2010
599, , ,Mica Mountain,03_07B,Farris_CA,-110.549477,32.22122287,Farris_et_al_2010
600, , ,Mica Mountain,03_07C,Farris_CA,-110.5494067,32.21396943,Farris_et_al_2010
601, , ,Mica Mountain,03_08B,Farris_CA,-110.5345412,32.21370808,Farris_et_al_2010
602, , ,Mica Mountain,03_08C,Farris_CA,-110.5350636,32.21948369,Farris_et_al_2010
603, , ,Mica Mountain,03_08D,Farris_CA,-110.530988,32.21958591,Farris_et_al_2010
604, , ,Mica Mountain,03_08X,Farris_CA,-110.5328925,32.21655276,Farris_et_al_2010
605, , ,Mica Mountain,03_09B,Farris_CA,-110.5712025,32.21067123,Farris_et_al_2010
606, , ,Mica Mountain,03_09C,Farris_CA,-110.5709338,32.21478408,Farris_et_al_2010
607, , ,Mica Mountain,03_11B,Farris_CA,-110.537859,32.20393205,Farris_et_al_2010
608, , ,Mica Mountain,03_11C,Farris_CA,-110.5348268,32.20762872,Farris_et_al_2010
609, , ,Mica Mountain,03_11D,Farris_CA,-110.5367662,32.21019792,Farris_et_al_2010
610, , ,Mica Mountain,03_12B,Farris_CA,-110.52713,32.2063462,Farris_et_al_2010
611, , ,Mica Mountain,03_12C,Farris_CA,-110.5259052,32.20927356,Farris_et_al_2010
612, , ,Mica Mountain,03_13B,Farris_CA,-110.5629202,32.20627651,Farris_et_al_2010
613, , ,Mica Mountain,03_14B,Farris_CA,-110.5449665,32.19996135,Farris_et_al_2010
614, , ,Mica Mountain,03_14C,Farris_CA,-110.5543756,32.20252987,Farris_et_al_2010
615, , ,Mica Mountain,03_15C,Farris_CA,-110.5273822,32.19861581,Farris_et_al_2010
616, , ,Mica Mountain,03_15D,Farris_CA,-110.5302874,32.20516714,Farris_et_al_2010
617, , ,Mica Mountain,03_15E,Farris_CA,-110.5331163,32.19973772,Farris_et_al_2010
618, , ,Mica Mountain,03_17B,Farris_CA,-110.5378734,32.19898838,Farris_et_al_2010
619, , ,Mica Mountain,03_19B,Farris_CA,-110.542777,32.19012011,Farris_et_al_2010
620, , ,Mica Mountain,03_19C,Farris_CA,-110.5490928,32.19155013,Farris_et_al_2010
621, , ,Mica Mountain,03_20B,Farris_CA,-110.5356878,32.18434764,Farris_et_al_2010
622, , ,Mica Mountain,03_22B,Farris_CA,-110.5269593,32.17986774,Farris_et_al_2010
623, , ,Mica Mountain,03_22C,Farris_CA,-110.523016,32.17324022,Farris_et_al_2010
624, , ,Mica Mountain,MT,Farris_CA,-110.5412008,32.21818899,Farris_et_al_2010
625, , ,Mica Mountain,IS,Farris_CA,-110.5362222,32.22370994,Farris_et_al_2010
626, , ,Mica Mountain,NS,Farris_CA,-110.5462352,32.22394476,Farris_et_al_2010
627, , ,Mica Mountain,CH,Farris_CA,-110.5801286,32.20560409,Farris_et_al_2010
628, , ,Mica Mountain,HD,Farris_CA,-110.557522,32.21602791,Farris_et_al_2010
629, , ,Mica Mountain,MC1,Farris_CA,-110.5561189,32.20821949,Farris_et_al_2010
630, , ,Mica Mountain,FS,Farris_CA,-110.5527983,32.19983592,Farris_et_al_2010
631, , ,Mica Mountain,MC2,Farris_CA,-110.5510239,32.2070648,Farris_et_al_2010
632, , ,Mica Mountain,CC,Farris_CA,-110.5504095,32.21160038,Farris_et_al_2010
633, , ,Mica Mountain,DB,Farris_CA,-110.5439613,32.19729641,Farris_et_al_2010
634, , ,Mica Mountain,MM,Farris_CA,-110.5426445,32.21067941,Farris_et_al_2010
635, , ,Mica Mountain,ES,Farris_CA,-110.5279202,32.21173492,Farris_et_al_2010
636, , ,Mica Mountain,HV,Farris_CA,-110.5239388,32.17078085,Farris_et_al_2010
637, , ,Mica Mountain,FRL,Farris_CA,-110.567483,32.20759129,Farris_et_al_2010
638, , ,Mica Mountain,03_MCA,Farris_CA,-110.5475593,32.2107422,Farris_et_al_2010
639, , ,Mica Mountain,03_15B,Farris_CA,-110.5290294,32.19355193,Farris_et_al_2010
186, , ,Lake Winona Research Natural Area,LW,Flatley_WF,-92.937138,34.812139,Unpublished
187, , ,Devil's Knob-Devil's Backbone Natural Area,DK,Flatley_WF,-92.046769,36.009829,Unpublished
8,PGM.fhx,,Peggy Mesa,PGM,Guiterman_CH,-106.7954798,35.72287149,"Guiterman et al. 2015, Tree-Ring Research"
9,MPB.fhx,,Mesa Penabetosa,MPB,Guiterman_CH,-106.6866643,36.08938711,"Guiterman et al. 2018, Ecosystems"
10,RDC.fhx,,Redondo Creek,RDC,Guiterman_CH,-106.5913772,35.87604087,"Guiterman et al. 2018, Ecosystems"
11,SNN.fhx,,Senorito North,SNN,Guiterman_CH,-106.8613277,36.00373341,"Guiterman et al. 2018, Ecosystems"
12,SNS.fhx,,Senorito South,SNS,Guiterman_CH,-106.8658354,35.9785238,"Guiterman et al. 2018, Ecosystems"
13,SPC.fhx,,San Pablo Canyon,SPC,Guiterman_CH,-106.8471323,35.96639851,"Guiterman et al. 2018, Ecosystems"
156,CER.fhx,CER,Chuska East Ridge,CER,Guiterman_CH,-108.8490855,36.0767165,Guiterman et al. 2019
214,DKL_revised.fhx,DKL,Duck Lake,DKL,Guiterman_CH,-108.9063162,36.12385502,Guiterman et al. 2019
228,FFe_07-01-18_1.fhx,FFe,Falling Irons ,FFe,Guiterman_CH,-109.0323041,36.17913561,Guiterman et al. 2019
317,KCS.fhx,KCS,Kailcheebito Spring ,KCS,Guiterman_CH,-109.1474016,35.93260262,Guiterman et al. 2019
372,MCS-U.fhx,MCU,Monument Canyon Upper ,MCU,Guiterman_CH,-109.2829551,35.996924,Guiterman et al. 2019
395,MPB.fhx,MPB,Mesa Penabetosa,MPB,Guiterman_CH,-106.6866643,36.08938711,"Guiterman et al. 2018, Ecosystems"
428,NBC.fhx,NBC,Natural Bridges Canyon ,NBC,Guiterman_CH,-109.1493192,35.71060411,Guiterman et al. 2019
513,PCS.fhx,PCS,Pine Canyon South ,PCS,Guiterman_CH,-109.3401856,35.57216351,Guiterman et al. 2019
522,PGM.fhx,PGM,Peggy Mesa,PGM,Guiterman_CH,-106.7954798,35.72287149,"Guiterman et al. 2015, Tree-Ring Research"
532,PNH_3-14-18_1.fhx,PNH,Piney Hill ,PNH,Guiterman_CH,-109.179202,35.75119527,Guiterman et al. 2019
564,RDC.fhx,RDC,Redondo Creek,RDC,Guiterman_CH,-106.5913772,35.87604087,"Guiterman et al. 2018, Ecosystems"
608,S&S.fhx,S&S,Savage & Swetnam,S&S,Guiterman_CH,-108.9532603,36.15451725,Guiterman et al. 2019
639,SNN.fhx,SNN,Senorito North,SNN,Guiterman_CH,-106.8613277,36.00373341,"Guiterman et al. 2018, Ecosystems"
641,SNS.fhx,SNS,Senorito South,SNS,Guiterman_CH,-106.8658354,35.9785238,"Guiterman et al. 2018, Ecosystems"
645,SPC.fhx,SPC,San Pablo Canyon,SPC,Guiterman_CH,-106.8471323,35.96639851,"Guiterman et al. 2018, Ecosystems"
648,SQN.fhx,SQN,Squirrel Springs North ,SQN,Guiterman_CH,-108.8841841,35.91749822,Guiterman et al. 2019
661,SWW.fhx,SWW,Scattered Willow Wash ,SWW,Guiterman_CH,-109.2252104,35.79067235,Guiterman et al. 2019
670,TLK_10-24-18_1.fhx,TLK,Tohatchi Lookout,TLK,Guiterman_CH,-108.8377304,35.93429719,Guiterman et al. 2019
188, , ,Big Pine Key,BPK,Harley_GL,-81.378881,24.707031,Harley et al. 2013
189, , ,No Name Key,NNK,Harley_GL,-81.327185,24.695996,Harley et al. 2014
190, , ,Fern Gulley Ridge,FGR,Harley_GL,-89.04,31.17,White and Harley 2016
191, , ,Death Scar Valley,DSV,Harley_GL,-89.03,30.95,White and Harley 2017
192, , ,King's Creek,KCP,Harley_GL,-112.266649,37.644985,Unpublished
193, , ,Dugout Riparian,DUG,Harley_GL; Heyerdahl_E,-118.226269,44.110225,"Harley et al, in review"
184, , ,Pike Knob Preserve, ,Hessl_AH,-79.43833333,38.6675, Hessl et al. 2011
90, , ,Black Bear,BBE,Heyerdahl_EK,-119.7066485,44.40161481,"Heyerdahl, E.K., R.A. Loehman, D.A. Falk. 2019.  A multi-century history of fire regimes along a transect of mixed-conifer forests in central Oregon, USA.  Canadian Journal of Forest Research.  49: 76-86.  doi.org/10.1139/cjfr-2018-0193"
92, , ,Brush Creek,BRU,Heyerdahl_EK,-120.2908646,44.33380134,unpublished
93, , ,Dead Log,DLL,Heyerdahl_EK,-120.9160053,43.61907246,unpublished
94, , ,Duncan Butte,DUN,Heyerdahl_EK,-120.447094,44.3519111,unpublished
95, , ,Glaze Meadow,GLZ,Heyerdahl_EK,-121.6308825,44.35764448,unpublished
96, , ,Green Ridge,GRR,Heyerdahl_EK,-121.5762783,44.58633879,"Heyerdahl, E.K., R.A. Loehman, D.A. Falk. 2019.  A multi-century history of fire regimes along a transect of mixed-conifer forests in central Oregon, USA.  Canadian Journal of Forest Research.  49: 76-86.  doi.org/10.1139/cjfr-2018-0193"
97, , ,Happy Camp,HAP,Heyerdahl_EK,-119.9993818,44.38966654,unpublished
98, , ,Independence Mine,IND,Heyerdahl_EK,-120.3536738,44.34502344,unpublished
99, , ,McKay Creek,KAY,Heyerdahl_EK,-120.6456344,44.48535287,"Heyerdahl, E.K., R.A. Loehman, D.A. Falk. 2019.  A multi-century history of fire regimes along a transect of mixed-conifer forests in central Oregon, USA.  Canadian Journal of Forest Research.  49: 76-86.  doi.org/10.1139/cjfr-2018-0193"
100, , ,Lytle Creek,LYT,Heyerdahl_EK,-120.2919181,44.27838521,"Heyerdahl, E.K., R.A. Loehman, D.A. Falk. 2019.  A multi-century history of fire regimes along a transect of mixed-conifer forests in central Oregon, USA.  Canadian Journal of Forest Research.  49: 76-86.  doi.org/10.1139/cjfr-2018-0193"
101, , ,Tepee Draw,OSA,Heyerdahl_EK,-121.0332641,43.78831558,unpublished
103, , ,Potholes,POT,Heyerdahl_EK,-120.9437589,43.73081809,"Heyerdahl, E.K., R.A. Loehman, D.A. Falk.  2014.  Mixed-severity fire in lodgepole-dominated forests:  Are historical regimes sustainable on Oregon's Pumice Plateau, USA?  Canadian Journal of Forest Research.  44: 593???603.  doi.org/10.1139/cjfr-2013-04"
104, , ,Sheridan Mountain,SHR,Heyerdahl_EK,-121.7061418,43.89350563,unpublished
105, , ,Slough,SLO,Heyerdahl_EK,-121.4727536,43.93364494,"Merschel, A.G., Heyerdahl, E.K., Spies, T.A., and Loehman, R.A.  2018.  Influence of landscape structure, topography, and forest type on spatial variation in historical fire regimes, central Oregon, USA.  Landscape Ecology.  33:1195-1209.  doi.org/10.100"
106, , ,Sheridan Southeast,SSE,Heyerdahl_EK,-121.6663637,43.88886688,unpublished
107, , ,Tenderfoot Creek Experimental Forest,TEF,Heyerdahl_EK,-110.891874,46.925821,not available until late 2021
194, , ,Dry Cabin Creek,DCA,Johnston_JD,-119.4049685,44.35235001,Johnston et al. 2017
195, , ,Myrtle Creek,MYR,Johnston_JD,-119.0897,43.94673436,Johnston et al. 2017
196, , ,Reynolds Creek,REY,Johnston_JD,-118.4943667,44.42625778,Johnston et al. 2017
197, , ,Stink Creek,STI,Johnston_JD,-118.3757375,44.20458056,Johnston et al. 2017
198, , ,Malheur River,MAL,Johnston_JD,-118.5785722,44.08272888,Johnston et al. 2017
199, , ,North Fork Malheur,NMA,Johnston_JD,-118.3860013,44.19807948,Johnston et al. 2017
200, , ,Deerborn Creek,DEE,Johnston_JD,-118.5737667,44.58900778,Johnston et al. 2017
201, , ,Thompson Creek,THO,Johnston_JD,-118.9784872,44.52088847,Johnston et al. 2017
202, , ,Jugow Creek,JUG,Johnston_JD,-118.961075,44.57939546,Johnston et al. 2017
203, , ,Crane Creek,CRA,Johnston_JD,-118.4796921,44.10453651,Johnston et al. 2017
204, , ,Big Mosquito,BMO,Johnston_JD,-118.8265579,44.73960684,Johnston et al. 2017
205, , ,Canyon Creek,CAN,Johnston_JD,-118.883905,44.27305724,Johnston et al. 2017
206, , ,Lake Creek,LAK,Johnston_JD,-118.643475,44.20955625,Johnston et al. 2017
207, , ,Ragged Ruby Site 14,RR14,Johnston_JD,-118.6893978,44.59867889,Johnston et al. 2018
208, , ,Ragged Ruby Site 16,RR16,Johnston_JD,-118.6573053,44.613374,Johnston et al. 2018
209, , ,Ragged Ruby Site 17,RR17,Johnston_JD,-118.685372,44.62168149,Johnston et al. 2018
210, , ,Ragged Ruby Site 18,RR18,Johnston_JD,-118.66103,44.63069833,Johnston et al. 2018
211, , ,Ragged Ruby Site 19,RR19,Johnston_JD,-118.6353339,44.63654753,Johnston et al. 2018
212, , ,Winberry Creek,WIN,Johnston_JD,-122.5156204,43.8568963,Johnston et al. in prep.
213, , ,Rigdon Site 1,RG1,Johnston_JD,-122.487263,43.49361667,Johnston et al. in prep.
214, , ,Rigdon Site 2,RG2,Johnston_JD,-122.4355021,43.49045833,Johnston et al. in prep.
215, , ,Rigdon Site 3,RG3,Johnston_JD,-122.3926269,43.49017777,Johnston et al. in prep.
216, , ,Rigdon Site 4,RG4,Johnston_JD,-122.3378042,43.49424168,Johnston et al. in prep.
217, , ,Rigdon Site 5,RG5,Johnston_JD,-122.5932042,43.52430696,Johnston et al. in prep.
218, , ,Rigdon Site 6,RG6,Johnston_JD,-122.4423021,43.52509166,Johnston et al. in prep.
219, , ,Rigdon Site 7,RG7,Johnston_JD,-122.3933852,43.52771667,Johnston et al. in prep.
220, , ,Rigdon Site 8,RG8,Johnston_JD,-122.3576524,43.53072617,Johnston et al. in prep.
221, , ,Rigdon Site 9,RG9,Johnston_JD,-122.4811125,43.56018333,Johnston et al. in prep.
222, , ,Rigdon Site 0,RG10,Johnston_JD,-122.4497056,43.559275,Johnston et al. in prep.
223, , ,Rigdon Site 1,RG11,Johnston_JD,-122.39382,43.56386998,Johnston et al. in prep.
224, , ,Rigdon Site 2,RG12,Johnston_JD,-122.3464617,43.56420166,Johnston et al. in prep.
225, , ,Rigdon Site 3,RG13,Johnston_JD,-122.4994479,43.59197501,Johnston et al. in prep.
226, , ,Rigdon Site 4,RG14,Johnston_JD,-122.4479095,43.59665356,Johnston et al. in prep.
227, , ,Rigdon Site 5,RG15,Johnston_JD,-122.4017021,43.59838334,Johnston et al. in prep.
228, , ,Rigdon Site 6,RG16,Johnston_JD,-122.3513683,43.60429834,Johnston et al. in prep.
108, , , ,BORE,Kertis_J,-123.446664,44.493114,not available until late 2021
109, , , ,BUAS1,Kertis_J,-123.57289,44.995958,not available until late 2021
110, , , ,HESU1,Kertis_J,-123.365244,43.822202,not available until late 2021
111, , , ,HESU2,Kertis_J,-123.365348,43.800046,not available until late 2021
112, , , ,BOBA,Kertis_J,-123.173216,43.848206,not available until late 2021
113, , , ,LAMO,Kertis_J,-123.149957,43.886102,not available until late 2021
114, , , ,TITW,Kertis_J,-123.440844,45.27588,not available until late 2021
115, , , ,BUAS2,Kertis_J,-123.566095,44.995362,not available until late 2021
116, , , ,HOHE,Kertis_J,-122.34921,45.138906,not available until late 2021
117, , , ,RADA,Kertis_J,-122.987566,44.203269,not available until late 2021
118, , ,Platte Plains,PLP,Kipfmueller_KF,-86.073367,44.72915,Kipfmueller 2019
119, , ,Good Harbor,GHR,Kipfmueller_KF,-85.855171,44.935999,Kipfmueller 2019
120, , ,Brule River Properties,BRP,Kipfmueller_KF,-91.601818,46.503305,Martin 2019
121, , ,Cedar Island Estate,CIS,Kipfmueller_KF,-91.605982,46.448197,Martin 2019
122, , ,Brule Historic Portage,BHP,Kipfmueller_KF,-91.771273,46.384583,Martin 2019
123, , ,Stockton Island,STO,Kipfmueller_KF,-90.552121,46.92267,Kipfmueller 2019
124, , ,Voyagers NP,VNP,Kipfmueller_KF,-92.631622,48.449096,Kipfmueller et al. 2017
125, , ,Star Island,STR,Kipfmueller_KF,-94.578296,47.418361,Kipfmueller unpubl.
73, , ,Mill Mountain,MM,Lafon_CW,-79.644,37.888,Aldrich et al. 2010
74, , ,Kelley Mountain,KM,Lafon_CW,-79.038,37.932,Aldrich et al. 2014
75, , ,Reddish Knob,RK,Lafon_CW,-79.164,38.449,Aldrich et al. 2014
76, , ,Brush Mountain,BM,Lafon_CW,-80.401,37.304,DeWeese 2007
77, , ,Griffith Knob,GK,Lafon_CW,-81.23,37.012,DeWeese 2007
78, , ,Little Walker Mountain,LW,Lafon_CW,-80.951,37.065,DeWeese 2007
79, , ,North Mountain,NM,Lafon_CW,-80.132,37.395,DeWeese 2007
80, , ,House Mountain,KHM,Lafon_CW,-83.771,36.108,Flatley et al. 2013
81, , ,Licklog Ridge,LL,Lafon_CW,-83.827,35.559,Flatley et al. 2013
82, , ,Linville Mountain,LM,Lafon_CW,-81.927,35.92,Flatley et al. 2013
83, , ,Peters Mountain,PM,Lafon_CW,-80.805,37.355,Hoss et al. 2008
84, , ,Gold Mine Trail,GMT,Lafon_CW,-83.9,35.633,LaForest 2012
85, , ,Pine Mountain,PMT,Lafon_CW,-83.916,35.616,LaForest 2012
86, , ,Rabbit Creek Trail,RCT,Lafon_CW,-83.916,35.6,LaForest 2012
450, , ,GSMNP,GSMNP,Lafon_CW_et.al,-83.564,35.648,Armbrister (2002)
451, , ,CRX,CRX,Lafon_CW_et.al,-83.848,35.603,Feathers (2010)
452, , ,CRT,CRT,Lafon_CW_et.al,-83.857,35.619,Feathers (2010)
453, , ,GSMNP,GSMNP,Lafon_CW_et.al,-83.489,35.609,Harmon (1982)
454, , ,Pike Knob,PKN,Lafon_CW_et.al,-79.438,38.667,Hessl and others (2011)
455, , ,Pike Knob,PKN,Lafon_CW_et.al,-79.438,38.667,Hessl and others (2011)
456, , ,Pike Knob,PKN,Lafon_CW_et.al,-79.438,38.667,Hessl and others (2011)
457, , ,REMA,REMA,Lafon_CW_et.al,-82.385,39.209,Hutchinson and others (2008)
458, , ,Zaleski,ZAL,Lafon_CW_et.al,-82.866,39.356,Hutchinson and others (2008)
459, , ,Tar Hollow,TH,Lafon_CW_et.al,-82.77,39.33,Hutchinson and others (2008)
460, , ,Endless Wall,EW,Lafon_CW_et.al,-81.059,38.054,Maxwell and Hicks (2010)
461, , ,Eagle Mill,EAG,Lafon_CW_et.al,-82.72,39.34,McEwan and others (2007)
462, , ,Watch Rock,WAT,Lafon_CW_et.al,-82.38,39.2,McEwan and others (2007)
463, , ,Ball Diamond,BDS,Lafon_CW_et.al,-82.41,39.19,McEwan and others (2007)
464, , ,Arch Rock,ARC,Lafon_CW_et.al,-82.38,39.19,McEwan and others (2007)
465, , ,Raccoon Creek,RAC,Lafon_CW_et.al,-82.39,39.17,McEwan and others (2007)
466, , ,Shawnee,SHA,Lafon_CW_et.al,-83.21,38.68,McEwan and others (2007)
467, , ,Road Branch,ROA,Lafon_CW_et.al,-83.38,38.24,McEwan and others (2007)
468, , ,Dickerson Hollow,DIC,Lafon_CW_et.al,-83.59,38.11,McEwan and others (2007)
469, , ,Silver Creek,SIL,Lafon_CW_et.al,-84.25,37.54,McEwan and others (2007)
470, , ,Big Everidge Hollow,BEH,Lafon_CW_et.al,-83,37.083,McEwan and others (2013)
471, , ,Pike Knob,PKN,Lafon_CW_et.al,-79.438,38.667,Schuler and McClain (2003)
472, , ,Big Savage Mountain,BSM,Lafon_CW_et.al,-79.119,39.511,Shumway and others (2001)
473, , ,REMA,REMA,Lafon_CW_et.al,-82.4,39.15,Sutherland and others (1997)
229, , ,Cedar Creek Ecosystem Science Reserve,CCESR,Larson_ER,-93.202365,45.412455,Leys et al 2019
230, , ,"Crooked Lake, Crow Wing County",CROOKED,Larson_ER,-93.902276,46.37526,NA
231, , ,University of Minnesota Cloquet Forestry Center,CFC,Larson_ER,-92.5313,46.692867,NA
232, , ,Castle Mound Pine Forest State Natural Area,CM,Larson_ER,-90.822263,44.280512,Larson and Green 2017
239, , ,Waste House Run East,WHE,Lawrence_N; Saladyga_T,-76.156942,40.840098,Saladyga and Standlee 2018 (https://doi.org/10.3390/fire1020033)
0,CAEfs.fhx, ,Cerro del Aire East,CAE,Lopez_ML,-105.8765542,36.72883007,"Lopez et al., in prep"
1,CAWfs.fhx, ,Cerro del Aire West,CAW,Lopez_ML,-105.9025502,36.73997377,"Lopez et al., in prep"
2,GMNfs.fhx, ,Guadalupe Mountain North,GMN,Lopez_ML,-105.6308887,36.74119252,"Lopez et al., in prep"
3,GMSfs.fhx, ,Guadalupe Mountain South,GMS,Lopez_ML,-105.6559776,36.71860079,"Lopez et al., in prep"
4,CMOfs.fhx, ,Cerro Montoso,CMO,Lopez_ML,-105.76038,36.67712282,"Lopez et al., in prep"
5,MOSfs.fhx, ,Montoso South,MOS,Lopez_ML,-105.764721,36.6698438,"Lopez et al., in prep"
6,CDEfs.fhx, ,Cerro de la Olla East,CDE,Lopez_ML,-105.7737304,36.76669025,"Lopez et al., in prep"
7,CDOfs.fhx, ,Cerro de la Olla,CDO,Lopez_ML,-105.7907404,36.74372126,"Lopez et al., in prep"
14,row_central.fhx,,Rowe Mesa central plot,ROW1,Margolis_EQ,-105.6390476,35.38809524,Margolis 2014
15,row_east.fhx,,Rowe Mesa east plot,ROW2,Margolis_EQ,-105.524,35.387,Margolis 2014
16,row_north.fhx,,Rowe Mesa north plot,ROW3,Margolis_EQ,-105.7563636,35.53,Margolis 2014
17,row_northeast.fhx,,Rowe Mesa northeast plot,ROW4,Margolis_EQ,-105.66,35.46,Margolis 2014
18,row_northwest.fhx,,Rowe Mesa northwest plot,ROW5,Margolis_EQ,-105.72,35.45,Margolis 2014
19,row_south.fhx,,Rowe Mesa south plot,ROW6,Margolis_EQ,-105.52,35.26033333,Margolis 2014
20,row_southcentral.fhx,,Rowe Mesa southcentral plot,ROW7,Margolis_EQ,-105.5528571,35.32,Margolis 2014
21,BACfs.fhx,,Bales Canyon SFNF,BAC,Margolis_EQ,-106.7977474,35.82014222,"Margolis et al., in prep"
22,BLCfs.fhx,,Bell Lawrence Canyon SFNF,BLC,Margolis_EQ,-106.7441579,35.97208814,"Margolis et al., in prep"
23,BQCfs.fhx,,Barranque??os Creek SFNF,BQC,Margolis_EQ,-106.5349385,36.09946631,"Margolis et al., in prep"
24,BRCfs.fhx,,Bear Canyon SFNF,BRC,Margolis_EQ,-106.6742747,35.92016683,"Margolis et al., in prep"
25,BSTfs.fhx,,Bear Springs Trail,BST,Margolis_EQ,-106.5143914,35.7471086,"Margolis et al., in prep"
26,CPSfs.fhx,,Caballo Peak South,CPS,Margolis_EQ,-106.3573625,35.9442976,"Margolis et al., in prep"
27,CYB.fhx,,Coyote Bluff SFNF,CYB,Margolis_EQ,-106.6336882,36.10962577,"Margolis et al., in prep"
28,CYC.fhx,,"Coyote Creek, SFNF",CYC,Margolis_EQ,-106.602697,36.0534627,"Margolis et al., in prep"
29,ELF.fhx,,East Lake Fork SFNF,ELF,Margolis_EQ,-106.6690475,35.87216422,"Margolis et al., in prep"
30,HMEfs.fhx,,Holiday Mesa East SFNF,HME,Margolis_EQ,-106.7329088,35.79927863,"Margolis et al., in prep"
31,JCEfs.fhx,,Joaquin Canyon East SFNF,JCE,Margolis_EQ,-106.8033485,35.7785856,"Margolis et al., in prep"
32,LHVfs.fhx,,Lower Heavens,LHV,Margolis_EQ,-106.3132665,35.94519973,"Margolis et al., in prep"
33,MPCfs.fhx,,Middle Paliza Canyon,MPC,Margolis_EQ,-106.5624551,35.74726021,"Margolis et al., in prep"
34,MRI.fhx,,Middle Rio de los Indios SFNF,MRI,Margolis_EQ,-106.483739,36.01243312,"Margolis et al., in prep"
35,MSCfs.fhx,,Middle Santa Clara Canyon,MSC,Margolis_EQ,-106.3510291,35.97729187,"Margolis et al., in prep"
36,MSP.fhx,,Mostillo Springs SFNF,MSP,Margolis_EQ,-106.5734446,36.1321743,"Margolis et al., in prep"
37,OJI.fhx,,North Fork Rio Ojitos SFNF,OJI,Margolis_EQ,-106.754706,35.92136255,"Margolis et al., in prep"
38,PALfs.fhx,,Paliza Rx Unit SFNF,PAL,Margolis_EQ,-106.5776581,35.71275075,"Margolis et al., in prep"
39,PERfs.fhx,,Peralta Canyon SFNF,PER,Margolis_EQ,-106.5069151,35.7698233,"Margolis et al., in prep"
40,PNEfs.fhx,,Peralta Canyon North East SFNF,PNE,Margolis_EQ,-106.5026265,35.80395433,"Margolis et al., in prep"
41,SBN.fhx,,Smokey Bear [Hill] North SFNF,SBN,Margolis_EQ,-106.8203568,35.88743967,"Margolis et al., in prep"
42,SJCfs.fhx,,San Juan Canyon SFNF,SJC,Margolis_EQ,-106.6220261,35.75167216,"Margolis et al., in prep"
43,TWS.fhx,,Tom W. Swetnam House SFNF,TWS,Margolis_EQ,-106.684106,35.8172294,"Margolis et al., in prep"
44,USAfs.fhx,,Upper San Antonio VALL,USA,Margolis_EQ,-106.4473046,35.94756737,"Margolis et al., in prep"
45,UWCfs.fhx,,Upper Water Canyon SFNF,UWC,Margolis_EQ,-106.6352812,35.90062615,"Margolis et al., in prep"
46,VCWfs.fhx,,Vega Cochina West SFNF,VCW,Margolis_EQ,-106.6457619,36.05419561,"Margolis et al., in prep"
47,ALIfs.fhx, ,Alamitos Ridge,ALI,Margolis_EQ,-105.7456106,35.64925712,Margolis in prep
48,AYAfs.fhx, ,Atalaya,AYA,Margolis_EQ,-105.8743754,35.66435507,Margolis in prep
49,DCCfs.fhx, ,Deer Creek Canyon,DCC,Margolis_EQ,-105.798791,35.61763383,Margolis in prep
50,HCEfs.fhx, ,Hagen Canyon,HCE,Margolis_EQ,-105.7545289,35.62023087,Margolis in prep
51,LCRfs.fhx, ,La Cueva Ridge,LCR,Margolis_EQ,-105.7875699,35.65262465,Margolis in prep
52,SPEfs.fhx, ,Sierra Pelada,SPE,Margolis_EQ,-105.8655682,35.64821308,Margolis in prep
53,BTN1.fhx,,West-S Sangres BTN1 plot,BTN1,Margolis_EQ,-105.8355564,35.75267395,Margolis unpublished
54,BTN4.fhx,,West-S Sangres BTN4 plot,BTN4,Margolis_EQ,-105.8281846,35.75463642,Margolis unpublished
55,BTN5.fhx,,West-S Sangres BTN5 plot,BTN5,Margolis_EQ,-105.8242583,35.76231624,Margolis unpublished
56,BTS2.fhx,,West-S Sangres BTS2 plot,BTS2,Margolis_EQ,-105.8315293,35.76992437,Margolis unpublished
57,BTS4.fhx,,West-S Sangres BTS4 plot,BTS4,Margolis_EQ,-105.8193279,35.77472242,Margolis unpublished
58,LTS3.fhx,,West-S Sangres LTS3 plot,LTS3,Margolis_EQ,-105.8385771,35.73840069,Margolis unpublished
59,LTS4.fhx,,West-S Sangres LTS4 plot,LTS4,Margolis_EQ,-105.8312166,35.74661844,Margolis unpublished
60,RCN2.fhx,,West-S Sangres RCN2 plot,RCN2,Margolis_EQ,-105.8328321,35.77625183,Margolis unpublished
61,RCS2.fhx,,West-S Sangres RCS2 plot,RCS2,Margolis_EQ,-105.835186,35.78703017,Margolis unpublished
62,RCS6.fhx,,West-S Sangres RCS6 plot,RCS6,Margolis_EQ,-105.8501897,35.78940343,Margolis unpublished
63,lgr1.fs.fhx,,Los Griegos Plot 1,LGR1,Margolis_EQ,-106.5521365,35.80067622,"Margolis&Malevich2016, FEM"
64,lgr2.fs.fhx,,Los Griegos Plot 2,LGR2,Margolis_EQ,-106.5507561,35.80120266,"Margolis&Malevich2016, FEM"
65,oac2.fs.fhx,,Oat Canyon Plot 2,OAC2,Margolis_EQ,-106.6739924,35.9369639,"Margolis&Malevich2016, FEM"
66,oac3.fs.fhx,,Oat Canyon Plot 3,OAC3,Margolis_EQ,-106.673516,35.93683908,"Margolis&Malevich2016, FEM"
67,rbs1.fs.fhx,,Redondo Border South plot 1,RBS1,Margolis_EQ,-106.5824688,35.89750891,"Margolis&Malevich2016, FEM"
68,rbs3.fs.fhx,,Redondo Border South plot 3,RBS3,Margolis_EQ,-106.5818019,35.89791818,"Margolis&Malevich2016, FEM"
69,ssp1.fs.fhx,,Seven Springs Plot 1,SSP1,Margolis_EQ,-106.7185335,35.90064281,"Margolis&Malevich2016, FEM"
70,ssp2.fs.fhx,,Seven Springs Plot 2,SSP2,Margolis_EQ,-106.7179526,35.90290621,"Margolis&Malevich2016, FEM"
71,twc2.fs.fhx,,Twin Cabins plot 2,TWC2,Margolis_EQ,-106.6415445,35.98685893,"Margolis&Malevich2016, FEM"
72,twc3.fs.fhx,,Twin Cabins plot 3,TWC3,Margolis_EQ,-106.6386543,35.98901547,"Margolis&Malevich2016, FEM"
6,ACNfs.fhx,,Apache Canyon North,ACN,Margolis_EQ,-105.8396396,35.63082201,Margolis in prep
,,,North Powderhorn,NPH,Margolis_EQ,-107.1645247,38.26647,preliminary collection; partially dated
260, , , ,Trail,Metlen et. al.,-122.8509979,42.703701,This Manuscript
261, , , ,Evans,Metlen et. al.,-122.973999,42.6479988,This Manuscript
262, , , ,Taylor,Metlen et. al.,-123.6029968,42.5579987,This Manuscript
263, , , ,Big Butte,Metlen et. al.,-122.6849976,42.5573997,This Manuscript
264, , , ,Briggs,Metlen et. al.,-123.6760025,42.4348984,This Manuscript
265, , , ,Coggins,Metlen et. al.,-122.697998,42.1590004,This Manuscript
266, , , ,Horn Gap,Metlen et. al.,-122.7419968,42.146801,This Manuscript
267, , , ,Star,Metlen et. al.,-123.112999,42.1451988,This Manuscript
268, , , ,Grayback Creek,Metlen et. al.,-123.4550018,42.1408997,This Manuscript
269, , , ,Winburn,Metlen et. al.,-122.7109985,42.1283989,This Manuscript
270, , , ,Emigrant,Metlen et. al.,-122.5419998,42.0895996,This Manuscript
271, , , ,Elder,Metlen et. al.,-123.572998,42.0583992,This Manuscript
272, , , ,Elliott,Metlen et. al.,-123.026001,42.0127983,This Manuscript
273, , , ,TS98_North,Metlen et. al.,-123.3769989,41.9337006,Taylor Skinner 1998
274, , , ,TS98_East,Metlen et. al.,-123.3669968,41.9314003,Taylor Skinner 1998
275, , , ,TS98_South,Metlen et. al.,-123.3690033,41.9248009,Taylor Skinner 1998
276, , , ,TS98_West,Metlen et. al.,-123.387001,41.9207993,Taylor Skinner 1998
277, , , ,LGO,Metlen et. al.,-120.8529968,40.7886009,Norman Taylor 2005
278, , , ,HAR,Metlen et. al.,-121.0780029,40.6856995,Norman Taylor 2005
279, , , ,Plot A,Metlen et. al.,-122.7040024,40.6111984,Fry Stephens 2005
280, , , ,Plot B,Metlen et. al.,-122.6999969,40.6106987,Fry Stephens 2005
281, , , ,Plot C,Metlen et. al.,-122.7080002,40.6147003,Fry Stephens 2005
282, , , ,Plot E,Metlen et. al.,-122.7050018,40.6139984,Fry Stephens 2005
283, , , ,Plot F,Metlen et. al.,-122.7040024,40.6174011,Fry Stephens 2005
284, , , ,Plot G,Metlen et. al.,-122.7030029,40.6164017,Fry Stephens 2005
285, , , ,TS03_North,Metlen et. al.,-123.3089981,40.5856018,Taylor Skinner 2003
286, , , ,TS03_South,Metlen et. al.,-123.2799988,40.5840988,Taylor Skinner 2003
287, , , ,TS03_East,Metlen et. al.,-123.2910004,40.5651016,Taylor Skinner 2003
288, , , ,TS03_West,Metlen et. al.,-123.2959976,40.5642014,Taylor Skinner 2003
289, , , ,56-04,Metlen et. al.,-120.5979996,40.2102013,Moody et al???ß2006
290, , , ,56-08,Metlen et. al.,-120.5830002,40.2201004,Moody et al???ß2006
291, , , ,56-10,Metlen et. al.,-120.5739975,40.2112007,Moody et al???ß2006
292, , , ,56-12,Metlen et. al.,-120.6159973,40.1707001,Moody et al???ß2006
293, , , ,51-01,Metlen et. al.,-120.197998,39.9449005,Moody et al???ß2006
294, , , ,56-02,Metlen et. al.,-120.8659973,39.9082985,Moody et al???ß2006
295, , , ,51-25,Metlen et. al.,-120.512001,39.8147011,Moody et al???ß2006
296, , , ,51-27,Metlen et. al.,-120.435997,39.780899,Moody et al???ß2006
297, , , ,51-29,Metlen et. al.,-120.4850006,39.7801018,Moody et al???ß2006
298, , , ,GCW-6,Metlen et. al.,-120.1350021,39.0488014,Beaty Taylor 2007
299, , , ,GCW-1,Metlen et. al.,-120.1620026,39.0327988,Beaty Taylor 2007
300, , , ,GCW-2,Metlen et. al.,-120.1650009,39.0388985,Beaty Taylor 2007
301, , , ,GCW-3,Metlen et. al.,-120.1470032,39.0360985,Beaty Taylor 2007
302, , , ,GCW-4,Metlen et. al.,-120.1480026,39.039299,Beaty Taylor 2007
303, , , ,GCW-5,Metlen et. al.,-120.163002,39.0362015,Beaty Taylor 2007
304, , , ,GCW-7,Metlen et. al.,-120.1569977,39.0424004,Beaty Taylor 2007
305, , , ,GCW-8,Metlen et. al.,-120.1740036,39.0298004,Beaty Taylor 2007
306, , , ,GCW-9,Metlen et. al.,-120.1689987,39.0318985,Beaty Taylor 2007
307, , , ,GCW-10,Metlen et. al.,-120.1610031,39.027401,Beaty Taylor 2007
308, , , ,GCW-11,Metlen et. al.,-120.1569977,39.0307007,Beaty Taylor 2007
309, , , ,GCW-12,Metlen et. al.,-120.1589966,39.0261002,Beaty Taylor 2007
310, , , ,UP,Metlen et. al.,-120.6589966,38.9384995,Stephens Collins 2004
311, , , ,LP,Metlen et. al.,-120.6650009,38.9384995,Stephens Collins 2004
312, , , ,210,Metlen et. al.,-120.6740036,38.9040985,Stephens Collins 2004
313, , , ,450,Metlen et. al.,-120.6449966,38.8946991,Stephens Collins 2004
314, , , ,390,Metlen et. al.,-120.6569977,38.8945999,Stephens Collins 2004
126, , ,Bayview,HEBV,Meunier_JM,-84.76015,46.45201,Meunier & Sutheimer unpublished
127, , ,Betchler_Lake,HEBL,Meunier_JM,-84.9341,46.292,Sutheimer & Meunier unpublished
128, , ,Big_Pine_Overlook,BPO,Meunier_JM,-86.85642,46.06112,Meunier & Sutheimer unpublished
129, , ,Biscuit_Creek,HEBI,Meunier_JM,-84.85899,46.20635,Sutheimer & Meunier unpublished
130, , ,Black_Creek,HEBC,Meunier_JM,-84.89648,46.25745,Sutheimer & Meunier unpublished
131, , ,Blind_Sucker_Flowage,LSBS,Meunier_JM,-85.76443,46.65931,Meunier & Sutheimer unpublished
132, , ,Bruce_Mound,BM,Meunier_JM,-90.79507,44.44518,"Meunier et al. 2019a,b"
133, , ,Buckatabon_SNA,BN,Meunier_JM,-89.34983,46.04704,Meunier unpub.
134, , ,Camp_Bird,CB,Meunier_JM,-88.26167,45.26487,"Meunier et al. 2019a,b"
135, , ,Cathederal_Point,CAP,Meunier_JM,-89.67154,46.04593,"Meunier et al. 2019a,b"
136, , ,Corner_Lake,HCL,Meunier_JM,-86.58644,46.15431,Meunier & Sutheimer unpublished
137, , ,Crooked_Lake,CL,Meunier_JM,-86.38579,46.21518,Meunier & Sutheimer unpublished
138, , ,Eagle_Lake,EL,Meunier_JM,-86.43781,46.11877,Meunier & Sutheimer unpublished
139, , ,Fern_and_Onion_Lake,FO,Meunier_JM,-86.56675,46.0383,Meunier & Sutheimer unpublished
140, , ,Finnerud_Pines,FP,Meunier_JM,-89.74496,45.85815,Meunier et al. 2019b
141, , ,Fort_McCoy1,FM1,Meunier_JM,-90.65913,44.1541,Meunier unpub.
142, , ,Fort_McCoy2,FM2,Meunier_JM,-90.73767,44.05248,Meunier unpub.
143, , ,Frog_Lake,FL,Meunier_JM,-90.01308,46.12032,"Meunier et al. 2019a,b"
144, , ,Haymeadow_Flowage,HAFL,Meunier_JM,-89.02701,45.87202,Sutheimer & Meunier unpublished
145, , ,Highway_13_Plantation,HP,Meunier_JM,-86.61826,46.29203,Meunier & Sutheimer unpublished
146, , ,Inch_Lake,IL,Meunier_JM,-91.34445,46.50152,"Meunier et al. 2019a,b"
147, , ,Lampson_Pines_SNA,LP,Meunier_JM,-91.86555,45.96866,Meunier unpub.
148, , ,Levis_Mound,LM,Meunier_JM,-90.72875,44.47273,Meunier et al. 2019b
149, , ,Murphy_Creek,MC,Meunier_JM,-86.42403,46.1045,Meunier & Sutheimer unpublished
150, , ,Native_Camp,MC,Meunier_JM,-86.96256,45.82501,Meunier & Sutheimer unpublished
151, , ,Naugle_Creek,HENA,Meunier_JM,-85.03024,46.2225,Sutheimer & Meunier unpublished
152, , ,Off_Road_Valley,ORV,Meunier_JM,-86.47069,46.1273,Meunier & Sutheimer unpublished
153, , ,Peck_Lake,PL,Meunier_JM,-86.64936,46.28199,Meunier & Sutheimer unpublished
154, , ,Pine_Bluff,PB,Meunier_JM,-89.60869,43.48463,Meunier et al. 2019b
155, , ,Quincy_Bluff_(CP),QBCP,Meunier_JM,-89.83917,43.87537,Meunier unpub.
156, , ,Quincy_Bluff_(RR),QBRR,Meunier_JM,-89.87706,43.86591,Meunier unpub.
157, , ,Ramsey_Lake,RALA,Meunier_JM,-86.77265,45.98991,Sutheimer & Meunier unpublished
158, , ,Ridegway_Pines3,RP3,Meunier_JM,-90.00726,43.00481,Meunier unpub.
159, , ,Ridegway_Pines1,RP1,Meunier_JM,-89.999,43.0111,Meunier unpub.
160, , ,Ridegway_Pines2,RP2,Meunier_JM,-90.00687,43.00956,Meunier unpub.
161, , ,Ridegway_Pines4,RP4,Meunier_JM,-90.02732,42.99677,Meunier unpub.
162, , ,Sand_Lake2,SL2,Meunier_JM,-92.1851,45.90797,Meunier unpub.
163, , ,Sand_Lake1,SL1,Meunier_JM,-92.17233,45.88438,Meunier unpub.
164, , ,Snow_Bottom,SB,Meunier_JM,-90.47185,43.04458,Meunier unpub.
165, , ,Squirrel_River2,SQ2,Meunier_JM,-89.8706,45.85212,Meunier unpub.
166, , ,Squirrel_River1,SQ1,Meunier_JM,-89.88449,45.84103,Meunier unpub.
167, , ,Steuben_Lake,STU,Meunier_JM,-86.43557,46.19485,Meunier & Sutheimer unpublished
168, , ,Stony_Bluff,STB,Meunier_JM,-90.74433,44.14578,Meunier unpub.
169, , ,Swan_Lake,SL,Meunier_JM,-86.58462,46.15998,Meunier & Sutheimer unpublished
170, , ,Tar_Dam_Road,TDR,Meunier_JM,-88.3737,45.25488,Meunier unpub.
171, , ,Thunder_Lake,TL,Meunier_JM,-88.23806,45.25917,Meunier unpub.
172, , ,Totagatic_River,TR,Meunier_JM,-91.98508,46.06268,"Meunier et al. 2019a,b"
173, , ,Trout_Creek,TC,Meunier_JM,-89.95202,43.05202,Meunier unpub.
174, , ,West_Butler_Rock,WBR,Meunier_JM,-88.3122,45.19333,Meunier unpub.
175, , ,West_Moquah1,WM1,Meunier_JM,-91.29755,46.60136,Meunier unpub.
176, , ,West_Moquah2,WM2,Meunier_JM,-91.29227,46.58105,Meunier unpub.
177, , ,White_Sand_Lake,WLUT,Meunier_JM,-89.59871,46.10839,Meunier & Sutheimer unpublished
178, , ,Wildcat_Ridge1,WC1,Meunier_JM,-90.60275,44.26041,Meunier et al. 2019a
179, , ,Wildcat_Ridge2,WC2,Meunier_JM,-90.59215,44.2432,"Meunier et al. 2019a,b"
180, , ,Wisconsin_Dells1,WD1,Meunier_JM,-89.78849,43.64418,Meunier unpub.
181, , ,Wisconsin_Dells2,WD2,Meunier_JM,-89.80055,43.67528,Meunier unpub.
182, , ,Wisconsin_Dells_Rocky_Arbor,RA,Meunier_JM,-89.80303,43.64394,Meunier unpub.
183, , ,Wolf_Lane,WL,Meunier_JM,-88.30743,45.43171,"Meunier et al. 2019a,b"
315, , ,State Game Land 37,37,MTRL,-77.174,41.862,"Stambaugh, M. C., J.M. Marschall, E.R. Abadir, B.C. Jones, P.H. Brose, D.C. Dey, and R.P. Guyette. 2018. Wave of fire: an anthropogenic signal in historical fire regimes across central Pennsylvania, USA. Ecosphere 9(5):e02222.10.1002/ecs2.2222."
316, , ,State Game Land 44,44,MTRL,-78.7667,41.363,Unpublished
317, , ,State Game Land 53,53,MTRL,-78.0669,39.9192,"Stambaugh, M. C., J.M. Marschall, E.R. Abadir, B.C. Jones, P.H. Brose, D.C. Dey, and R.P. Guyette. 2018. Wave of fire: an anthropogenic signal in historical fire regimes across central Pennsylvania, USA. Ecosphere 9(5):e02222.10.1002/ecs2.2222."
318, , ,State Game Land 81,81,MTRL,-77.944,40.0978,"Stambaugh, M. C., J.M. Marschall, E.R. Abadir, B.C. Jones, P.H. Brose, D.C. Dey, and R.P. Guyette. 2018. Wave of fire: an anthropogenic signal in historical fire regimes across central Pennsylvania, USA. Ecosphere 9(5):e02222.10.1002/ecs2.2222."
319, , ,State Game Land 84,84,MTRL,-76.8283,40.7428,"Stambaugh, M. C., J.M. Marschall, E.R. Abadir, B.C. Jones, P.H. Brose, D.C. Dey, and R.P. Guyette. 2018. Wave of fire: an anthropogenic signal in historical fire regimes across central Pennsylvania, USA. Ecosphere 9(5):e02222.10.1002/ecs2.2222."
320, , ,State Game Land 88,88,MTRL,-77.4241,40.4553,"Marschall, J.M., M.C. Stambaugh, B.C. Jones, R.P. Guyette, P.H. Brose, and D.C. Dey. 2016. Fire regimes of remnant pitch pine communities in the Ridge and Valley region of central Pennsylvania, USA. Forests 7(10): 224; doi:10.3390/f7100224."
321, , ,State Game Land 100,100,MTRL,-78.0129,41.1269,"Stambaugh, M. C., J.M. Marschall, E.R. Abadir, B.C. Jones, P.H. Brose, D.C. Dey, and R.P. Guyette. 2018. Wave of fire: an anthropogenic signal in historical fire regimes across central Pennsylvania, USA. Ecosphere 9(5):e02222.10.1002/ecs2.2222."
322, , ,State Game Land 107,107,MTRL,-77.3309,40.6727,"Marschall, J.M., M.C. Stambaugh, B.C. Jones, R.P. Guyette, P.H. Brose, and D.C. Dey. 2016. Fire regimes of remnant pitch pine communities in the Ridge and Valley region of central Pennsylvania, USA. Forests 7(10): 224; doi:10.3390/f7100224."
323, , ,State Game Land 170,170,MTRL,-77.0725,40.3623,"Stambaugh, M. C., J.M. Marschall, E.R. Abadir, B.C. Jones, P.H. Brose, D.C. Dey, and R.P. Guyette. 2018. Wave of fire: an anthropogenic signal in historical fire regimes across central Pennsylvania, USA. Ecosphere 9(5):e02222.10.1002/ecs2.2222."
324, , ,Joe's NADEF Site,395,MTRL,-118.9335,37.6732,Unpublished
325, , ,Airport Road,AIR,MTRL,-88.3255,45.1828,"Guyette, R.P., M.C. Stambaugh, D.C. Dey, J.M. Marschall, J. Saunders, and J. Lampereur. 2016. 350 years of fire-climate-human interactions in a Great Lakes sandy outwash plain. Forests 189: doi:10.3390/f7090189."
326, , ,Angel Hollow,ANG,MTRL,-84.2661,37.1559,Unpublished
327, , ,Ava Glade,AVA,MTRL,-92.687,36.7908,"Dey, D.C., Guyette, R.P. and M.C. Stambaugh. 2004. Fire history of a forest, savanna, and fen mosaic at White Ranch State Forest. Pages 132-137 in Proceedings of the Upland Oak Ecology Symposium, (M. Spetich, ed.) Gen. Tech. Rep. SRS-73. Asheville, NC: U"
328, , ,"Baptist Access, NPS",BAP,MTRL,-91.6694,37.454,"Guyette, R.P. 1995. A tree-ring history of wildland fire in the Current River Watershed."
329, , ,"Bay Hollow, NPS",BAY,MTRL,-91.5926,37.4222,"Guyette, R.P. 1995. A tree-ring history of wildland fire in the Current River Watershed."
330, , ,Bald Hill Area 1,BH1,MTRL,-77.0862,41.8666,"Marschall, J.M., M.C. Stambaugh, B.C. Jones, E.R. Abadir. In press. Spatial variability of historical fires across a red pine - oak landscape, Pennsylvania, USA. Ecosphere."
331, , ,Bald Hill Area 2,BH2,MTRL,-77.1079,41.8676,"Marschall, J.M., M.C. Stambaugh, B.C. Jones, E.R. Abadir. In press. Spatial variability of historical fires across a red pine - oak landscape, Pennsylvania, USA. Ecosphere."
332, , ,"Big Creek, Mark Twain National Forest",BIG,MTRL,-91.2901,37.343,"Guyette, R.P. 1995. A tree-ring history of wildland fire in the Current River Watershed."
333, , ,Breakfast Roll,BKF,MTRL,-87.8271,46.8499,"Muzika, R.-M., R.P. Guyette, M.C. Stambaugh, and J.M. Marschall. 2015. Fire, drought, and humans in a heterogeneous Lake Superior landscape. Journal of Sustainable Forestry 34: 49-70.?ß"
334, , ,Bloom Creek State Forest,BLM,MTRL,-91.1546,37.221,"Guyette, R.P. 1995. A tree-ring history of wildland fire in the Current River Watershed."
335, , ,Bracebridge,BRB,MTRL,-77.7964,45.8083,"Guyette, Richard P., Dey, Daniel C., and McDonell, Chris. 1995. Determining fire history from old white pine stumps in an oak-pine forest in Bracebridge, Ontario. Ontario Ministry of Natural Resources, Ontario Forest Research Institute, Sault Ste. Marie,"
336, , ,Barn Hollow Natural Area,BRN,MTRL,-91.7001,37.0572,"Guyette, R.P. 1995. A tree-ring history of wildland fire in the Current River Watershed."
337, , ,Burnt Mountain,BRT,MTRL,-87.9299,46.8317,"Muzika, R.-M., R.P. Guyette, M.C. Stambaugh, and J.M. Marschall. 2015. Fire, drought, and humans in a heterogeneous Lake Superior landscape. Journal of Sustainable Forestry 34: 49-70.?ß"
338, , ,Brymer Mountain,BRY,MTRL,-85.5819,33.7071,"Stambaugh, M.C., J.M. Varner, and S.T. Jackson. 2017. Biogeography: an interweave of climate, fire, and humans. Pages 17-38 In: Ecological Restoration and Management of Longleaf Pine Forests, ed. K. Kirkman and S. Jack. CRC Press."
339, , ,"Basin Lake, Algonquin Park",BSL,MTRL,-77.7964,45.8083,"Guyette, R.P. and D.C. Dey. 1995. A presettlement fire history in an oak-pine forest near Basin Lake, Algonquin Park, Ontario. Ontario Ministry of Natural Resources, Ontario Forest Research Institute, Sault Ste. Marie, Forest Research Report No. 132, 7 p"
341, , ,"MOFEP Site 1, Blue Spring, Carr Creek State Forest",BSS,MTRL,-91.153,37.1681,Guyette et al. 2002 Ecosystems
342, , ,Bastrop State Park,BST,MTRL,-97.2418,30.0899,"Stambaugh, M.C., G. Creacy, J. Sparks, M. Rooney. 2017. Three centuries of fire and forest vegetation transitions preceding Texas' most destructive wildfire: Lost Pines or lost oaks?. Forest Ecology and Management 396:91-101."
343, , ,Baxter Mountain,BXT,MTRL,-73.7659,44.2162,"Abadir, E.R., J.M. Marschall, D.C. Dey, and M.C. Stambaugh. 2019. Historical fire regimes in red pine forests of the Adirondack Mountains, New York, USA. Natural Areas Journal 39: 226-236"
344, , ,Boyds Creek,BYD,MTRL,-91.5015,37.3101,"Guyette, R.P. 1995. A tree-ring history of wildland fire in the Current River Watershed."
345, , ,Capulin Volcano NM,CAP,MTRL,-103.9756,36.7816,"Guyette, R.P., M.C. Stambaugh, R. Muzika and E.R. McMurry. 2006. Fire history at the southwestern Great Plains margin, Capulin Volcano National Monument. Great Plains Research 16: 161-172.?ß"
346, , ,Cass Lake,CAS,MTRL,-94.0837,47.5577,Unpublished
347, , ,"Cache Creek, Wichita Mountains",CCH,MTRL,-98.6724,34.6927,"Stambaugh, M.C., J.M. Marschall, and R.P. Guyette. 2014. Linking fire history to successional changes of xeric oak woodlands. Forest Ecology and Management 320: 83-96"
348, , ,Carter Canyon Ranch,CCR,MTRL,-103.8199,41.7545,Unpublished
349, , ,"Cedar Hollow, Nickel Preserve",CDH,MTRL,-94.9021,36.0064,"Stambaugh, M.C., R.P. Guyette, and J.M. Marschall. 2013. Fire history in the Cherokee Nation of Oklahoma. Human Ecology 41: 749-758."
350, , ,Choccolocco Mountain,CHO,MTRL,-85.5914,33.8091,"Stambaugh, M.C., J.M. Varner, and S.T. Jackson. 2017. Biogeography: an interweave of climate, fire, and humans. Pages 17-38 In: Ecological Restoration and Management of Longleaf Pine Forests, ed. K. Kirkman and S. Jack. CRC Press."
351, , ,Caney Mountain Wildlife Refuge,CMW,MTRL,-92.4302,36.6872,"Guyette, R.P. and B.E. Cutter. 1991. Tree-ring analysis of fire history of a post oak savanna in the Missouri Ozarks. Natural Areas Journal 11: 93-99."
352, , ,"Costello Creek, near Papineau Lake, Algonquin Park",COS,MTRL,-78.3334,45.6225,"Guyette, R.P. and D.C. Dey. 1995. A dendrochronological fire history of Opeongo Lookout in Algonquin Park, Ontario. Ontario Ministry of Natural Resources, Ontario Forest Research Institute, Sault Ste. Marie, Ontario, Forest Research Report No. 134, 4 p."
353, , ,Cranberry Bog,CRN,MTRL,-87.8053,46.8537,"Muzika, R.-M., R.P. Guyette, M.C. Stambaugh, and J.M. Marschall. 2015. Fire, drought, and humans in a heterogeneous Lake Superior landscape. Journal of Sustainable Forestry 34: 49-70.?ß"
354, , ,Cumberland Island,CUI,MTRL,-81.419,30.9532,Unpublished
355, , ,Huron Manistee Guyette site,DDG,MTRL,-85.5847,44.1539,Unpublished
356, , ,Devils Tower National Monument,DET,MTRL,-104.7145,44.5933,"Stambaugh, M.C., R.P. Guyette, E.R. McMurry, J.M. Marschall and G. Willson. 2008. Six centuries of fire history at Devils Tower National Monument with comments on region-wide temperature influence. Great Plains Research 18: 177-187."
357, , ,Denning Hollow Glade,DHG,MTRL,-91.1958,37.1103,"Guyette, R.P. 1995. A tree-ring history of wildland fire in the Current River Watershed."
358, , ,"Dog Hollow, Nickel Preserve",DOG,MTRL,-94.8431,36.0419,"Stambaugh, M.C., R.P. Guyette, and J.M. Marschall. 2013. Fire history in the Cherokee Nation of Oklahoma. Human Ecology 41: 749-758."
359, , ,Deep Fork National Wildlife Refuge,DPF,MTRL,-95.9746,35.5593,"Rooney, M. and M.C. Stambaugh. 2019. Multi-scale synthesis of historical fire regimes along the southcentral U.S. prairie-forest border. Fire Ecology 15: 27"
361, , ,Fraver old-growth site,FAV,MTRL,-94.1091,47.5336,Unpublished
362, , ,"Gladden Creek, Cedar Grove State Forest",GLD,MTRL,-91.5504,37.4069,"Guyette, R.P. 1995. A tree-ring history of wildland fire in the Current River Watershed."
363, , ,Grindle Lake,GRL,MTRL,-88.3653,45.231,"Guyette, R.P., M.C. Stambaugh, D.C. Dey, J.M. Marschall, J. Saunders, and J. Lampereur. 2016. 350 years of fire-climate-human interactions in a Great Lakes sandy outwash plain. Forests 189: doi:10.3390/f7090189."
364, , ,Hagerman National Wildlife Refuge,HAG,MTRL,-96.7988,33.7499,"Rooney, M. and M.C. Stambaugh. 2019. Multi-scale synthesis of historical fire regimes along the southcentral U.S. prairie-forest border. Fire Ecology 15: 28"
365, , ,"Huckleberry Hollow, MOFEP Site 4",HCK,MTRL,-91.0744,37.141,"Guyette, Richard P. and Daniel C. Dey. 1997. Fire and logging history at Huckleberry Hollow,
Shannon County, Missouri. Missouri Department of Conservation, Jefferson City, Missouri.
Forest Research Report No. 1, 10 pages."
366, , ,"Hollis Canyon, Wichita Mountains",HOL,MTRL,-98.758,34.7635,"Stambaugh, M.C., J.M. Marschall, and R.P. Guyette. 2014. Linking fire history to successional changes of xeric oak woodlands. Forest Ecology and Management 320: 83-98"
367, , ,Homer Mountain,HOM,MTRL,-87.9122,46.8567,"Muzika, R.-M., R.P. Guyette, M.C. Stambaugh, and J.M. Marschall. 2015. Fire, drought, and humans in a heterogeneous Lake Superior landscape. Journal of Sustainable Forestry 34: 49-70.?ß"
368, , ,Hartshorn SF,HRH,MTRL,-91.6017,37.3516,"Guyette, R.P. 1995. A tree-ring history of wildland fire in the Current River Watershed."
369, , ,"Ichauway, Baker Woods",ICH,MTRL,-84.538,31.277,Unpublished
370, , ,Ives Run Area 2,IV2,MTRL,-77.1278,41.8542,"Marschall, J.M., M.C. Stambaugh, B.C. Jones, E.R. Abadir. In press. Spatial variability of historical fires across a red pine - oak landscape, Pennsylvania, USA. Ecosphere."
371, , ,Ives Run Area 3,IV3,MTRL,-77.162,41.8656,"Marschall, J.M., M.C. Stambaugh, B.C. Jones, E.R. Abadir. In press. Spatial variability of historical fires across a red pine - oak landscape, Pennsylvania, USA. Ecosphere."
372, , ,Ives Lake,IVL,MTRL,-87.8421,46.8534,"Muzika, R.-M., R.P. Guyette, M.C. Stambaugh, and J.M. Marschall. 2015. Fire, drought, and humans in a heterogeneous Lake Superior landscape. Journal of Sustainable Forestry 34: 49-70.?ß"
373, , ,Ives Run,IVR,MTRL,-77.1592,41.8819,"Marschall, J.M., M.C. Stambaugh, B.C. Jones, E.R. Abadir. In press. Spatial variability of historical fires across a red pine - oak landscape, Pennsylvania, USA. Ecosphere."
374, , ,Jocko River,JKO,MTRL,-79.2167,46.6017,"Dey, D.C. and R.P. Guyette. 1996. Fire history near an historic travel corridor in Ontario. Ontario Ministry of Natural Resources, Forest Research Report No. 140"
375, , ,Johns Mountain Wildlife Management Area,JMT,MTRL,-85.0676,34.5136,Unpublished
376, , ,Jerktail Mountain,JRT,MTRL,-91.3,37.2256,"Guyette, R.P. 1995. A tree-ring history of wildland fire in the Current River Watershed."
377, , ,Keystone Ancient Forest Preserve,KEY,MTRL,-96.2437,36.1835,"Clark, Stacy"
379, , ,Long Branch Hill,LBH,MTRL,-77.4409,41.5652,"Brose, P.H., R.P. Guyette, J.M. Marschall, and M.C. Stambaugh. 2015. Fire history reflects human history in the Pine Creek Gorge of north-central Pennsylvania. Natural Areas Journal 35: 214-223."
380, , ,"Land Between the Lakes, Jenny Ridge",LBL,MTRL,-88.0817,36.8045,Unpublished
381, , ,Lemm Swamp,LEM,MTRL,-86.0296,35.4219,"Stambaugh, M.C., R.P. Guyette, J.M. Marschall, and D.C. Dey. 2016. Scale dependence of oak woodland historical fire intervals: contrasting The Barrens of Tennessee and Cross Timbers of Oklahoma, USA. Fire Ecology 12(2): 65-84."
382, , ,Lazy S-B Ranch,LSB,MTRL,-95.977,37.4948,Unpublished
383, , ,Lost Creek,LST,MTRL,-107.6619,47.538,Unpublished
384, , ,"Mahans Creek, Rocky Creek State Forest",MAH,MTRL,-91.3975,37.0875,"Guyette, R.P. 1995. A tree-ring history of wildland fire in the Current River Watershed."
385, , ,Mill Creek,MCR,MTRL,-91.105,37.0458,"Guyette, R.P. 1995. A tree-ring history of wildland fire in the Current River Watershed."
386, , ,"Medley Hollow, Mark Twain National Forest",MDL,MTRL,-91.2434,37.4254,Stambaugh Guyette work with paul nelson
387, , ,MOFEP Site 6,MF6,MTRL,-91.0594,37.199, 
388, , ,"Mill Hollow, Pioneer Forest",MLH,MTRL,-91.2827,37.2513,"Guyette, R.P. 1995. A tree-ring history of wildland fire in the Current River Watershed."
389, , ,"Mill Mountain, Rocky Creek State Forest",MMT,MTRL,-91.1918,37.1237,"Guyette, R.P. 1995. A tree-ring history of wildland fire in the Current River Watershed."
390, , ,MOFEP Site 2,MO2,MTRL,-91.1217,37.1401, 
391, , ,MOFEP Site 3,MO3,MTRL,-91.095,37.1387, 
392, , ,MOFEP Site 7,MO7,MTRL,-91.1983,37.0183, 
393, , ,Moqua Barrens,MOQ,MTRL,-91.2982,46.5983,"Guyette, R.P., M.C. Stambaugh, D.C. Dey, J.M. Marschall, J. Saunders, and J. Lampereur. 2016. 350 years of fire-climate-human interactions in a Great Lakes sandy outwash plain. Forests 189: doi:10.3390/f7090189."
394, , ,Morrow Ranch,MOR,MTRL,-104.0135,36.7897,"Guyette, R.P., M.C. Stambaugh, R. Muzika and E.R. McMurry. 2006. Fire history at the southwestern Great Plains margin, Capulin Volcano National Monument. Great Plains Research 16: 161-172.?ß"
395, , ,MOFEP Site 8,NOR,MTRL,-91.18,37.006, 
397, , ,Niobrara River Breaks,NRB,MTRL,-100.0331,42.8,Unpublished
398, , ,Niobrara Valley Preserve,NVP,MTRL,-100.1056,42.7869,Unpublished
399, , ,Nye Cabin,NYE,MTRL,-90.9137,41.4425,Unpublished
400, , ,Okmulgee State Wildlife Management Area,OGM,MTRL,-96.0484,35.6527,"DeSantis, R."
401, , ,"Panther Cave Hollow, MOFEP Site 9",PCH,MTRL,-91.125,37.075,"Guyette, R.P. and M.C. Stambaugh. 2004. Fire history of Panther Cave Hollow (MOFEP 9). Pages 27-39 in SRM 2002: Proceedings of the Savanna/Woodland Symposium, (G. Hartman, S. Holst, and B. Palmer, eds). Missouri Dept. of Conservation Press, Jefferson Cit"
402, , ,"Pine Camp, Land Between the Lakes",PCP,MTRL,-87.9983,36.4949,Unpublished
403, , ,Park Hill Area 1,PK1,MTRL,-77.0493,41.8834,"Marschall, J.M., M.C. Stambaugh, B.C. Jones, E.R. Abadir. In press. Spatial variability of historical fires across a red pine - oak landscape, Pennsylvania, USA. Ecosphere."
404, , ,Park Hill Area 2,PK2,MTRL,-77.1123,41.8941,"Marschall, J.M., M.C. Stambaugh, B.C. Jones, E.R. Abadir. In press. Spatial variability of historical fires across a red pine - oak landscape, Pennsylvania, USA. Ecosphere."
405, , ,Park Hill Area 3,PK3,MTRL,-77.0715,41.8808,"Marschall, J.M., M.C. Stambaugh, B.C. Jones, E.R. Abadir. In press. Spatial variability of historical fires across a red pine - oak landscape, Pennsylvania, USA. Ecosphere."
406, , ,Park Hill Area 4,PK4,MTRL,-77.0987,41.8871,"Marschall, J.M., M.C. Stambaugh, B.C. Jones, E.R. Abadir. In press. Spatial variability of historical fires across a red pine - oak landscape, Pennsylvania, USA. Ecosphere."
407, , ,Pine Lake,PLK,MTRL,-87.8571,46.8748,"Muzika, R.-M., R.P. Guyette, M.C. Stambaugh, and J.M. Marschall. 2015. Fire, drought, and humans in a heterogeneous Lake Superior landscape. Journal of Sustainable Forestry 34: 49-70.?ß"
408, , ,"Pumpkin Hollow, Nickel Preserve",PMK,MTRL,-94.8547,35.9959,"Stambaugh, M.C., R.P. Guyette, and J.M. Marschall. 2013. Fire history in the Cherokee Nation of Oklahoma. Human Ecology 41: 749-758."
409, , ,Potter Mountain,PMT,MTRL,-73.8152,44.5178,"Abadir, E.R., J.M. Marschall, D.C. Dey, and M.C. Stambaugh. 2019. Historical fire regimes in red pine forests of the Adirondack Mountains, New York, USA. Natural Areas Journal 39: 226-236"
410, , ,Papineau Lake,PPU,MTRL,-77.7918,45.3562,"Guyette, R.P. and D.C. Dey. 1996. An early fire histor near Papineau Lake, Ontario. Ontario Ministry of Natural Resources, Ontario Forest Research Institute, Sault Ste. Marie, Ontario, Forest Research Note #56, 4 p."
411, , ,Purtis Creek State Park,PRC,MTRL,-95.9995,32.3665,"Stambaugh, M.C., J. Sparks, R.P. Guyette, and G. Willson. 2011. Fire history of a relict oak woodland in northeast Texas. Rangeland Ecology and Management 64(4): 419-423."
412, , ,Paint Rock State Forest,PTR,MTRL,-91.0539,37.1255,"Guyette, R.P. 1995. A tree-ring history of wildland fire in the Current River Watershed."
413, , ,"Pultite, NPS",PUL,MTRL,-91.4796,37.3261,"Stambaugh, M.C. and R.P. Guyette. 2008. Predicting spatio-temporal variability in fire return intervals using a topographic roughness index. Forest Ecology and Management 254: 463-473."
414, , ,Rowland Creek Headwaters,RCH,MTRL,-86.1085,35.3703,"Stambaugh, M.C., R.P. Guyette, J.M. Marschall, and D.C. Dey. 2016. Scale dependence of oak woodland historical fire intervals: contrasting The Barrens of Tennessee and Cross Timbers of Oklahoma, USA. Fire Ecology 12(2): 65-84."
415, , ,Reference Site,REF,MTRL,-86.0725,35.3977,"Guyette, R.P. and M.C. Stambaugh. 2004. Post oak fire scars as a function of diameter, growth, and tree age. Forest Ecology and Management, 198: 183-192."
416, , ,"Raing Guage Flat, Wichita Mountains",RGF,MTRL,-98.6519,34.7791,"Stambaugh, M.C., J.M. Marschall, and R.P. Guyette. 2014. Linking fire history to successional changes of xeric oak woodlands. Forest Ecology and Management 320: 83-97"
417, , ,"Rough Hollow, NPS",RGH,MTRL,-91.5704,37.0798,"Guyette, R.P. 1995. A tree-ring history of wildland fire in the Current River Watershed."
418, , ,Rush Lake,RSH,MTRL,-87.9128,46.8922,"Muzika, R.-M., R.P. Guyette, M.C. Stambaugh, and J.M. Marschall. 2015. Fire, drought, and humans in a heterogeneous Lake Superior landscape. Journal of Sustainable Forestry 34: 49-70.?ß"
419, , ,Rudolf Bennitt,RUD,MTRL,-92.4474,39.2556,"Stambaugh, M.C., K.T. Smith, and D.C. Dey. 2017. Fire scar growth and closure rates in white oak (Quercus alba) and the implications for prescribed burning. Forest Ecology and Management 391: 96-403."
420, , ,"Rymers Ranch, NPS",RYM,MTRL,-91.5687,37.0577,"Guyette, R.P. 1995. A tree-ring history of wildland fire in the Current River Watershed."
421, , ,Savage Gulf State Natural Area,SAV,MTRL,-85.5995,35.4643,Unpublished
422, , ,Shannondale State Forest,SDF,MTRL,-91.4162,37.3446,"Guyette, R.P. 1995. A tree-ring history of wildland fire in the Current River Watershed."
423, , ,Seguin Falls,SGN,MTRL,-79.654,45.4038,"Guyette, R.P. and D.C. Dey. 1996. An early fire histor near Seguin Falls, Ontario. Ontario Ministry of Natural Resources, Ontario Forest Research Institute, Sault Ste. Marie, Ontario, Forest Research Note #55, 4 p."
424, , ,Shriner Mountain,SHR,MTRL,-77.2624,40.9645,"Stambaugh, M. C., J.M. Marschall, E.R. Abadir, B.C. Jones, P.H. Brose, D.C. Dey, and R.P. Guyette. 2018. Wave of fire: an anthropogenic signal in historical fire regimes across central Pennsylvania, USA. Ecosphere 9(5):e02222.10.1002/ecs2.2222."
425, , ,Shawnee State Forest,SHW,MTRL,-83.1771,38.644,"Hutchinson, T.F., M.C. Stambaugh, J.M. Marschall, and R.P. Guyette. 2019. Historical fire in the Appalachian Plateau of Ohio and Kentucky, USA, from remnant yellow pines. Fire Ecology 15: 33"
426, , ,Slate Run,SLR,MTRL,-77.5616,41.5028,"Brose, P.H., R.P. Guyette, J.M. Marschall, and M.C. Stambaugh. 2015. Fire history reflects human history in the Pine Creek Gorge of north-central Pennsylvania. Natural Areas Journal 35: 214-223."
427, , ,Saltwell Hollow,SLT,MTRL,-86.1255,35.3264,"Stambaugh, M.C., R.P. Guyette, J.M. Marschall, and D.C. Dey. 2016. Scale dependence of oak woodland historical fire intervals: contrasting The Barrens of Tennessee and Cross Timbers of Oklahoma, USA. Fire Ecology 12(2): 65-84."
428, , ,Sand Creek,SND,MTRL,-108.5715,47.6026,Unpublished
429, , ,Soda Creek,SOD,MTRL,-107.9358,47.4993,Unpublished
430, , ,"Spring Valley, Alley Spring S.F.",SPV,MTRL,-91.4884,37.2472,"Guyette, R.P. 1995. A tree-ring history of wildland fire in the Current River Watershed."
431, , ,"Stegall Mountain, Peck Ranch",STG,MTRL,-91.2031,37.0822,"Guyette, R.P. 1995. A tree-ring history of wildland fire in the Current River Watershed."
432, , ,"Tell Hollow, Nickely Preserve",TEL,MTRL,-94.8853,36.0493,"Stambaugh, M.C., R.P. Guyette, and J.M. Marschall. 2013. Fire history in the Cherokee Nation of Oklahoma. Human Ecology 41: 749-758."
433, , ,Turkey Mountain,TKY,MTRL,-92.4505,36.1613,"Fire history of Turkey Mountain, Arkansas, Aug. 18, 1994 Report"
434, , ,"Tully Hollow, Nickel Preserve",TLY,MTRL,-94.8503,36.0116,"Stambaugh, M.C., R.P. Guyette, and J.M. Marschall. 2013. Fire history in the Cherokee Nation of Oklahoma. Human Ecology 41: 749-758."
435, , ,Tallgrass Prairie Preserve,TPP,MTRL,-96.3834,36.8279,Allen & Palmer
436, , ,"Deep Gulch, Theodore Roosevelt National Park",TRS,MTRL,-103.5083,46.9454,Unpublished
437, , ,Tishomingo National Wildlife Refuge,TSH,MTRL,-96.6141,34.1355,"Rooney, M. and M.C. Stambaugh. 2019. Multi-scale synthesis of historical fire regimes along the southcentral U.S. prairie-forest border. Fire Ecology 15: 26"
438, , ,Turkey Tail Lake,TTL,MTRL,-68.9442,45.625,Unpublished
439, , ,Upper Dry Run,UDR,MTRL,-77.5009,41.3834,"Brose, P.H., R.P. Guyette, J.M. Marschall, and M.C. Stambaugh. 2015. Fire history reflects human history in the Pine Creek Gorge of north-central Pennsylvania. Natural Areas Journal 35: 214-223."
440, , ,Upper West Ash Creek,UWA,MTRL,-103.2454,42.6317,Unpublished
441, , ,West Ash Creek,WAC,MTRL,-103.2513,42.6513,Unpublished
442, , ,Waubee Lake,WBE,MTRL,-88.4307,45.3498,"Guyette, R.P., M.C. Stambaugh, D.C. Dey, J.M. Marschall, J. Saunders, and J. Lampereur. 2016. 350 years of fire-climate-human interactions in a Great Lakes sandy outwash plain. Forests 189: doi:10.3390/f7090189."
443, , ,"French Lake, Wichita Mountains",WCH,MTRL,-98.7036,34.7278,"Stambaugh, M.C., J.M. Marschall, and R.P. Guyette. 2014. Linking fire history to successional changes of xeric oak woodlands. Forest Ecology and Management 320: 83-95"
444, , ,Huron Manistee Guyette site,WFL,MTRL,-85.8536,44.023,Unpublished
445, , ,Lake Winnibigoshish,WIN,MTRL,-94.323,47.4261,Unpublished
446, , ,Wipple Lake,WIP,MTRL,-70.2733,45.5336,Unpublished
447, , ,"Welch Spring, NPS",WLH,MTRL,-91.5713,37.3951,"Guyette, R.P. 1995. A tree-ring history of wildland fire in the Current River Watershed."
448, , ,White Ranch SF,WRS,MTRL,-91.8703,36.5486,"Dey, D.C., Guyette, R.P. and M.C. Stambaugh. 2004. Fire history of a forest, savanna, and fen mosaic at White Ranch State Forest. Pages 132-137 in Proceedings of the Upland Oak Ecology Symposium, (M. Spetich, ed.) Gen. Tech. Rep. SRS-73. Asheville, NC: U"
449, , ,Huron Manistee Guyette site,WUH,MTRL,-86.1265,44.1996,Unpublished
244, , ,Big Creek2,BC2,Naficy_CE,-114.3162611,48.55914455,Naficy et al. In press
245, , ,Emery Creek,EC,Naficy_CE,-113.9301646,48.39026838,Naficy et al. In press
246, , ,Middle Fork,MF,Naficy_CE,-113.645343,48.30789441,Naficy et al. In press
247, , ,Spotted Bear,SB,Naficy_CE,-113.4571943,47.93998986,Naficy et al. In press
248, , ,Swan Valley,SV,Naficy_CE,-113.6508018,47.52726441,Naficy et al. In press
249, , ,Elbow River,EBW,Naficy_CE,-114.6873796,50.79789175,In prep
250, , ,Old Man East,OME,Naficy_CE,-114.2658872,49.89022484,In prep
251, , ,Old Man North,OMN,Naficy_CE,-114.2613023,50.10035912,In prep
252, , ,Old Man West,OMW,Naficy_CE,-114.4067519,49.8607986,In prep
253, , ,Porcupine Hills North,PHN,Naficy_CE,-114.0876239,49.96809115,In prep
254, , ,Porcupine Hills South,PHS,Naficy_CE,-113.9580386,49.70857602,In prep
255, , ,Sheep River,SHP,Naficy_CE,-114.5857321,50.64737216,In prep
256, , ,Big Creek1,BC1,Naficy_CE,-110.948784,45.30736608,Naficy et al. in press
257, , ,Six Mile,SM,Naficy_CE,-110.7406483,45.24434402,Naficy et al. in press
185, , ,Teakettle,Teak,North_MP,-119.02257,36.95896,North et al. 2005
233, , ,Abandoned Road,ARD,Saladyga_T,-76.14683,40.8452,Saladyga and Standlee 2018 (https://doi.org/10.3390/fire1020033)
234, , ,Mill Creek,MIL,Saladyga_T,-76.16669,40.77086,Saladyga and Standlee 2018 (https://doi.org/10.3390/fire1020033)
235, , ,Spring Mountain Central,SMC,Saladyga_T,-76.03148,40.88527,Saladyga and Standlee 2018 (https://doi.org/10.3390/fire1020033)
236, , ,Spring Mountain East,SME,Saladyga_T,-76.024454,40.887063,Saladyga and Standlee 2018 (https://doi.org/10.3390/fire1020033)
237, , ,Spring Mountain West,SMW,Saladyga_T,-76.039611,40.884097,Saladyga and Standlee 2018 (https://doi.org/10.3390/fire1020033)
238, , ,Tar Run,TAR,Saladyga_T,-76.240169,40.757176,Saladyga and Standlee 2018 (https://doi.org/10.3390/fire1020033)
240, , ,Waste House Run West,WHW,Saladyga_T,-76.170127,40.840051,Saladyga and Standlee 2018 (https://doi.org/10.3390/fire1020033)
241, , ,Wolf Creek,WLF,Saladyga_T,-76.148994,40.752677,Saladyga and Standlee 2018 (https://doi.org/10.3390/fire1020033)
242, , ,Glade Creek,GLDE,Saladyga_T,-80.947389,37.986358,Saladyga 2017 (https://doi.org/10.3375/043.037.0108)
243, , ,Backus Mountain,BMWR,Saladyga_T,-80.996262,37.840214,Saladyga et al. 2019 (https://irma.nps.gov/DataStore/Reference/Profile/2259722)
258, , ,Great Slave Lake,NT,Whitman and Parisien,-116.2230888,62.03962962,Whitman dissertation
259, , ,Great Slave Lake,WB,Whitman and Parisien,-113.4177839,60.10984402,Whitman dissertation
1,,,Pinalenos,B5,O'Connor_CD,-110.029317,32.75184,O'connor_etal_2014
2,,,Pinalenos,D3,O'Connor_CD,-110.050897,32.734015,O'connor_etal_2014
3,,,Pinalenos,D4,O'Connor_CD,-110.038318,32.736436,O'connor_etal_2014
4,,,Pinalenos,E16,O'Connor_CD,-109.912258,32.723876,O'connor_etal_2014
5,,,Pinalenos,E18,O'Connor_CD,-109.890445,32.723422,O'connor_etal_2014
6,,,Pinalenos,E8,O'Connor_CD,-109.997271,32.725297,O'connor_etal_2014
7,,,Pinalenos,E9,O'Connor_CD,-109.9854573,32.72097225,O'connor_etal_2014
8,,,Pinalenos,F10,O'Connor_CD,-109.9763227,32.71451667,O'connor_etal_2014
9,,,Pinalenos,F11,O'Connor_CD,-109.965579,32.7158075,O'connor_etal_2014
10,,,Pinalenos,F12,O'Connor_CD,-109.959021,32.713472,O'connor_etal_2014
11,,,Pinalenos,F13,O'Connor_CD,-109.9441555,32.71468525,O'connor_etal_2014
12,,,Pinalenos,F15,O'Connor_CD,-109.922952,32.714919,O'connor_etal_2014
13,,,Pinalenos,F16,O'Connor_CD,-109.912292,32.71484,O'connor_etal_2014
14,,,Pinalenos,F17,O'Connor_CD,-109.899871,32.71761833,O'connor_etal_2014
15,,,Pinalenos,F19,O'Connor_CD,-109.880289,32.714557,O'connor_etal_2014
16,,,Pinalenos,G11,O'Connor_CD,-109.9655487,32.70490733,O'connor_etal_2014
17,,,Pinalenos,G12,O'Connor_CD,-109.9557348,32.70600513,O'connor_etal_2014
18,,,Pinalenos,G13,O'Connor_CD,-109.9420125,32.7072545,O'connor_etal_2014
19,,,Pinalenos,G14,O'Connor_CD,-109.9316039,32.70757313,O'connor_etal_2014
20,,,Pinalenos,G16,O'Connor_CD,-109.912437,32.70578,O'connor_etal_2014
21,,,Pinalenos,G17,O'Connor_CD,-109.90145,32.705658,O'connor_etal_2014
22,,,Pinalenos,G64,O'Connor_CD,-109.9290897,32.710353,O'connor_etal_2014
23,,,Pinalenos,GRA,O'Connor_CD,-109.903424,32.710157,O'connor_etal_2014
24,,,Pinalenos,H15,O'Connor_CD,-109.9245783,32.696821,O'connor_etal_2014
25,,,Pinalenos,H16,O'Connor_CD,-109.912549,32.696791,O'connor_etal_2014
26,,,Pinalenos,H18,O'Connor_CD,-109.891158,32.696612,O'connor_etal_2014
28,,,Pinalenos,I17,O'Connor_CD,-109.90176,32.687898,O'connor_etal_2014
29,,,Pinalenos,I18,O'Connor_CD,-109.8912032,32.68460133,O'connor_etal_2014
30,,,Pinalenos,I19,O'Connor_CD,-109.8881396,32.68363743,O'connor_etal_2014
31,,,Pinalenos,I67,O'Connor_CD,-109.89641,32.6924355,O'connor_etal_2014
32,,,Pinalenos,J18,O'Connor_CD,-109.89135,32.678578,O'connor_etal_2014
33,,,Pinalenos,J19,O'Connor_CD,-109.880802,32.678462,O'connor_etal_2014
34,,,Pinalenos,J21,O'Connor_CD,-109.859453,32.678274,O'connor_etal_2014
35,,,Pinalenos,J69,O'Connor_CD,-109.87535,32.682942,O'connor_etal_2014
36,,,Pinalenos,K18,O'Connor_CD,-109.891442,32.669665,O'connor_etal_2014
37,,,Pinalenos,K19,O'Connor_CD,-109.8810293,32.6712145,O'connor_etal_2014
38,,,Pinalenos,K20,O'Connor_CD,-109.868378,32.669127,O'connor_etal_2014
39,,,Pinalenos,K69,O'Connor_CD,-109.8753248,32.672277,O'connor_etal_2014
40,,,Pinalenos,L18,O'Connor_CD,-109.891649,32.661259,O'connor_etal_2014
41,,,Pinalenos,L19,O'Connor_CD,-109.8809895,32.660263,O'connor_etal_2014
42,,,Pinalenos,L20,O'Connor_CD,-109.8704675,32.660018,O'connor_etal_2014
43,,,Pinalenos,L21,O'Connor_CD,-109.860028,32.66038467,O'connor_etal_2014
44,,,Pinalenos,L70,O'Connor_CD,-109.8634026,32.66513186,O'connor_etal_2014
45,,,Pinalenos,M20,O'Connor_CD,-109.8675236,32.65165571,O'connor_etal_2014
46,,,Pinalenos,M22,O'Connor_CD,-109.849169,32.651129,O'connor_etal_2014
47,,,Pinalenos,N22,O'Connor_CD,-109.848708,32.640522,O'connor_etal_2014
48,,,Pinalenos,P23,O'Connor_CD,-109.838231,32.624117,O'connor_etal_2014
49,,,Pinalenos,P24,O'Connor_CD,-109.8259393,32.62196686,O'connor_etal_2014
,,,BWCAW East,,Larson_Kipfmueller,-90.866462,48.236974,
,,,BWCAW Central,,Larson_Kipfmueller,-91.662282,48.108164,
,,,BWCAW West,,Larson_Kipfmueller,-92.025779,48.29986,
,,,BWCAW Cummings Lake,,Larson_Kipfmueller,-92.092362,47.997275,
,,,Quetico Provincial Park,,Larson_Kipfmueller,-91.690598,48.45106,
,,,Blan,bl,Yocom_etal,-115.48,31.06,Skinner et al. 2008
,,,West,we,Yocom_etal,-115.58,31.04,Skinner et al. 2008
,,,Pino,pi,Yocom_etal,-115.53,31.02,Skinner et al. 2008
,,,Vall,va,Yocom_etal,-115.48,31,Skinner et al. 2008
,,,Coro,co,Yocom_etal,-115.57,30.99,Skinner et al. 2008
,,,Puer,ski_pu,Yocom_etal,-115.58,30.96,Skinner et al. 2008
,,,Tasa,ski_ta,Yocom_etal,-115.52,30.96,Skinner et al. 2008
,,,Azul,ski_az,Yocom_etal,-115.4,30.96,Skinner et al. 2008
,,,Grul,gr,Yocom_etal,-115.52,30.9,Skinner et al. 2008
,,,Pyra,py,Yocom_etal,-115.5,30.87,Skinner et al. 2008
,,,El Pinito,ep,Yocom_etal,-108.863556,31.162056,Meunier et al. 2014
,,,Pan Duro,pd,Yocom_etal,-108.997611,31.047694,Meunier et al. 2014
,,,Sierra Pan Duro,spd,Yocom_etal,-109.012778,31.017222,Meunier et al. 2014
,,,Rincon de las Tinajas,rt,Yocom_etal,-108.64,30.56,Fule_etal_2012
,,,El Abeto,ab,Yocom_etal,-108.62,30.53,Fule_etal_2012
,,,Mesa Prieta,mp,Yocom_etal,-108.55,30.5,Fule_etal_2012
,,,Prieta Sur,ps,Yocom_etal,-108.54,30.49,Fule_etal_2012
,,,Tutuaca Low,tm,Yocom_etal,-108.28,28.66,Ful?? et al. 2005
,,,Tutuaca Top,tp,Yocom_etal,-108.26,28.65,Ful?? et al. 2005
,,,Salsipuedes,ssp,Yocom_etal,-108.24,28.62,Heyerdahl and Alvarado 2003
,,,Pino Gordo Bajo Corachi,pgbc,Yocom_etal,-107.03,26.57,Fule_etal_2011
,,,Pino Gordo Medio Corachi,pgmc,Yocom_etal,-107.02,26.57,Fule_etal_2011
,,,Pino Gordo Alto Corachi,pgac,Yocom_etal,-107.01,26.56,Fule_etal_2011
,,,Guachochi,gu,Yocom_etal,-107.12,26.88,Ful?? et al. unpublished
,,,Mohinora Parte Baja,mpbaja,Yocom_etal,-107.03,25.97,Cerano et al. 2010
,,,Mohinora Parte Alta,mpalta,Yocom_etal,-107.03,25.95,Cerano et al. 2010
,,,Arroyo El Pescador,aep,Yocom_etal,-104.85,23.48,Drury and Veblen 2008
,,,El Cerro Fuera,ecf,Yocom_etal,-104.86,23.48,Drury and Veblen 2008
,,,El Solitario1,eso,Yocom_etal,-104.86,23.44,Drury and Veblen 2008
,,,El Solitario 2,eso2,Yocom_etal,-104.86,23.44,Drury and Veblen 2008
,,,El Solitario 3,eso3,Yocom_etal,-104.96,23.44,Drury and Veblen 2008
,,,El Cerro Alta,eca,Yocom_etal,-104.86,23.44,Drury and Veblen 2008
,,,Cordon de Burro,cdb,Yocom_etal,-104.87,23.44,Drury and Veblen 2008
,,,Los Alisos,ali,Yocom_etal,-104.83,23.42,Drury and Veblen 2008
,,,La Fortuna,lfa,Yocom_etal,-104.81,23.39,Drury and Veblen 2008
,,,La Fortuna 2,lfa2,Yocom_etal,-104.81,23.39,Drury and Veblen 2008
,,,Frenton Colorado,frc,Yocom_etal,-104.81,23.37,Drury and Veblen 2008
,,,Maderas del Carmen,mc,Yocom_etal,-102.58,28.98,Poulos et al. 2013
,UCCfs.fhx,,Upper Coyote Creek/Canyon,UCC,Margolis_EQ,-112.5828021,36.03736536,"Margolis et al., in prep"
,LFCfs.fhx,,Lake Fork Canyon,LFC,Margolis_EQ,-112.7560512,35.85298466,"Margolis et al., in prep"
,APWfs.fhx,,American Park West,APW,Margolis_EQ,-112.7729733,36.02515252,"Margolis et al., in prep"
,JPEfs.fhx,,J Pond East,JPE,Margolis_EQ,-112.2780346,35.99535781,"Margolis et al., in prep"
,LNLfs.fhx,,Los Alamos National Lab,LNL,Margolis_EQ,-112.3503685,35.8665487,"Margolis et al., in prep"
,RPNfs.fhx,,Rito Pensas Negras,RPN,Margolis_EQ,-112.711067,36.01385905,"Margolis et al., in prep"
,TCNfs.fhx,,Trail Creek North,TCN,Margolis_EQ,-112.8270783,35.92000461,"Margolis et al., in prep"
,MLNfs.fhx,,Mesa Laguna North,MLN,Margolis_EQ,-112.5849311,36.09875532,"Margolis et al., in prep"
,,,Pico de Orizaba,,Yocom_LL,-97.294,18.993,
